category_key,parent_category_key,name.en_US,meta_title.en_US,meta_description.en_US,meta_keywords.en_US,is_active,is_in_menu,is_clickable,is_searchable,is_root,is_main,node_order,template_name,category_image_name.en_US,name.pl_PL,name.cs_CZ,name.sk_SK,meta_title.pl_PL,meta_title.cs_CZ,meta_title.sk_SK,meta_description.pl_PL,meta_description.cs_CZ,meta_description.sk_SK,meta_keywords.pl_PL,meta_keywords.cs_CZ,meta_keywords.sk_SK,category_image_name.pl_PL,category_image_name.cs_CZ,category_image_name.sk_SK
shop,,Shop,Shop,English version of Shop,English version of Shop,1,0,1,0,1,1,900,Catalog (default),,Shop,Shop,Shop,Shop,Shop,Shop,Shop,Deutsche Version des Shop,Deutsche Version des Shop,Shop,Deutsche Version des Shop,Deutsche Version des Shop,,,
AF000001,shop,Affiliate,Affiliate,Affiliate,Affiliate,1,1,1,1,0,1,923,Catalog (default),,Afiliacja,Affiliate,Affiliate,Afiliacja,Affiliate,Affiliate,Afiliacja,Affiliate,Affiliate,Afiliacja,Affiliate,Affiliate,,,
MC_10001,shop,Automotive,Automotive,Automotive,Automotive,1,1,1,1,0,1,,Catalog (default),,Motoryzacja,Auto & Motorrad,Auto & Motorrad,Motoryzacja,Auto & Motorrad,Auto & Motorrad,Motoryzacja,Auto & Motorrad,Auto & Motorrad,Motoryzacja,Auto & Motorrad,Auto & Motorrad,,,
SUB_10001,MC_10001,Trailers & Carriers,Trailers & Carriers,Trailers & Carriers,Trailers & Carriers,1,1,1,1,0,1,,Catalog (default),,Przyczepy i bagażniki,Anhänger & Trägersysteme,Anhänger & Trägersysteme,Przyczepy i bagażniki,Anhänger & Trägersysteme,Anhänger & Trägersysteme,Przyczepy i bagażniki,Anhänger & Trägersysteme,Anhänger & Trägersysteme,Przyczepy i bagażniki,Anhänger & Trägersysteme,Anhänger & Trägersysteme,,,
SUB_10002,MC_10001,Car Tuning,Car Tuning,Car Tuning,Car Tuning,1,1,1,1,0,1,,Catalog (default),,Tunning samochodu,Auto Tuning,Auto Tuning,Tunning samochodu,Auto Tuning,Auto Tuning,Tunning samochodu,Auto Tuning,Auto Tuning,Tunning samochodu,Auto Tuning,Auto Tuning,,,
SUB_10003,MC_10001,Car Workshop Equipment,Car Workshop Equipment,Car Workshop Equipment,Car Workshop Equipment,1,1,1,1,0,1,,Catalog (default),,Wyposażenie warsztatu samochodowego,Auto-Werkstattausstattung,Auto-Werkstattausstattung,Wyposażenie warsztatu samochodowego,Auto-Werkstattausstattung,Auto-Werkstattausstattung,Wyposażenie warsztatu samochodowego,Auto-Werkstattausstattung,Auto-Werkstattausstattung,Wyposażenie warsztatu samochodowego,Auto-Werkstattausstattung,Auto-Werkstattausstattung,,,
SUB_10004,MC_10001,Car Care,Car Care,Car Care,Car Care,1,1,1,1,0,1,,Catalog (default),,Kosmetyki samochodowe,Autopflege,Autopflege,Kosmetyki samochodowe,Autopflege,Autopflege,Kosmetyki samochodowe,Autopflege,Autopflege,Kosmetyki samochodowe,Autopflege,Autopflege,,,
SUB_10005,MC_10001,Car Parts,Car Parts,Car Parts,Car Parts,1,1,1,1,0,1,,Catalog (default),,Części samochodowe,Autoteile,Autoteile,Części samochodowe,Autoteile,Autoteile,Części samochodowe,Autoteile,Autoteile,Części samochodowe,Autoteile,Autoteile,,,
SUB_10006,MC_10001,Car accessories,Car accessories,Car accessories,Car accessories,1,1,1,1,0,1,,Catalog (default),,Akcesoria samochodowe,Autozubehör,Autozubehör,Akcesoria samochodowe,Autozubehör,Autozubehör,Akcesoria samochodowe,Autozubehör,Autozubehör,Akcesoria samochodowe,Autozubehör,Autozubehör,,,
SUB_10007,MC_10001,Vehicles,Vehicles,Vehicles,Vehicles,1,1,1,1,0,1,,Catalog (default),,Pojazdy,Fahrzeuge,Fahrzeuge,Pojazdy,Fahrzeuge,Fahrzeuge,Pojazdy,Fahrzeuge,Fahrzeuge,Pojazdy,Fahrzeuge,Fahrzeuge,,,
SUB_10008,MC_10001,Motorcycle Supplies,Motorcycle Supplies,Motorcycle Supplies,Motorcycle Supplies,1,1,1,1,0,1,,Catalog (default),,Artykuły motocyklowe,Motorradbedarf,Motorradbedarf,Artykuły motocyklowe,Motorradbedarf,Motorradbedarf,Artykuły motocyklowe,Motorradbedarf,Motorradbedarf,Artykuły motocyklowe,Motorradbedarf,Motorradbedarf,,,
SUB_10009,MC_10001,Oils & Maintenance,Oils & Maintenance,Oils & Maintenance,Oils & Maintenance,1,1,1,1,0,1,,Catalog (default),,Oleje i konserwacja,Öle & Wartungsmittel,Öle & Wartungsmittel,Oleje i konserwacja,Öle & Wartungsmittel,Öle & Wartungsmittel,Oleje i konserwacja,Öle & Wartungsmittel,Öle & Wartungsmittel,Oleje i konserwacja,Öle & Wartungsmittel,Öle & Wartungsmittel,,,
SUB_10010,MC_10001,Wheels & Tires,Wheels & Tires,Wheels & Tires,Wheels & Tires,1,1,1,1,0,1,,Catalog (default),,Koła i opony,Räder & Reifen,Räder & Reifen,Koła i opony,Räder & Reifen,Räder & Reifen,Koła i opony,Räder & Reifen,Räder & Reifen,Koła i opony,Räder & Reifen,Räder & Reifen,,,
SUB_10010_01,SUB_10010,Rims,Rims,Rims,Rims,1,1,1,1,0,1,,Catalog (default),,Felgi,Felgen,Felgen,Felgi,Felgen,Felgen,Felgi,Felgen,Felgen,Felgi,Felgen,Felgen,,,
SUB_10010_02,SUB_10010,Summer tires,Summer tires,Summer tires,Summer tires,1,1,1,1,0,1,,Catalog (default),,Opony letnie,Sommerreifen,Sommerreifen,Opony letnie,Sommerreifen,Sommerreifen,Opony letnie,Sommerreifen,Sommerreifen,Opony letnie,Sommerreifen,Sommerreifen,,,
SUB_10010_03,SUB_10010,All Season tires,All Season tires,All Season tires,All Season tires,1,1,1,1,0,1,,Catalog (default),,Opony całoroczne,Ganzjahresreifen,Ganzjahresreifen,Opony całoroczne,Ganzjahresreifen,Ganzjahresreifen,Opony całoroczne,Ganzjahresreifen,Ganzjahresreifen,Opony całoroczne,Ganzjahresreifen,Ganzjahresreifen,,,
SUB_10010_04,SUB_10010,Winter tires,Winter tires,Winter tires,Winter tires,1,1,1,1,0,1,,Catalog (default),,Opony zimowe,Winterreifen,Winterreifen,Opony zimowe,Winterreifen,Winterreifen,Opony zimowe,Winterreifen,Winterreifen,Opony zimowe,Winterreifen,Winterreifen,,,
SUB_10010_05,SUB_10010,Offroad tires,Offroad tires,Offroad tires,Offroad tires,1,1,1,1,0,1,,Catalog (default),,Opony terenowe,Offroadreifen,Offroadreifen,Opony terenowe,Offroadreifen,Offroadreifen,Opony terenowe,Offroadreifen,Offroadreifen,Opony terenowe,Offroadreifen,Offroadreifen,,,
SUB_10010_06,SUB_10010,Truck Tires,Truck Tires,Truck Tires,Truck Tires,1,1,1,1,0,1,,Catalog (default),,Opony do ciężarówek,LKW Reifen,LKW Reifen,Opony do ciężarówek,LKW Reifen,LKW Reifen,Opony do ciężarówek,LKW Reifen,LKW Reifen,Opony do ciężarówek,LKW Reifen,LKW Reifen,,,
MC_20001,shop,Baby & Child,Baby & Child,Baby & Child,Baby & Child,1,1,1,1,0,1,,Catalog (default),,Niemowlę i dziecko,Baby & Kind,Baby & Kind,Niemowlę i dziecko,Baby & Kind,Baby & Kind,Niemowlę i dziecko,Baby & Kind,Baby & Kind,Niemowlę i dziecko,Baby & Kind,Baby & Kind,,,
SUB_20001,MC_20001,Baby food & accessories,Baby food & accessories,Baby food & accessories,Baby food & accessories,1,1,1,1,0,1,,Catalog (default),,żywność dla niemowląt i akcesoria,Babynahrung & Zubehör,Babynahrung & Zubehör,żywność dla niemowląt i akcesoria,Babynahrung & Zubehör,Babynahrung & Zubehör,żywność dla niemowląt i akcesoria,Babynahrung & Zubehör,Babynahrung & Zubehör,żywność dla niemowląt i akcesoria,Babynahrung & Zubehör,Babynahrung & Zubehör,,,
SUB_20002,MC_20001,Baby care & diapering accessories,Baby care & diapering accessories,Baby care & diapering accessories,Baby care & diapering accessories,1,1,1,1,0,1,,Catalog (default),,Pielęgnacja niemowląt i pieluchy,Babypflege & Wickelzubehör,Babypflege & Wickelzubehör,Pielęgnacja niemowląt i pieluchy,Babypflege & Wickelzubehör,Babypflege & Wickelzubehör,Pielęgnacja niemowląt i pieluchy,Babypflege & Wickelzubehör,Babypflege & Wickelzubehör,Pielęgnacja niemowląt i pieluchy,Babypflege & Wickelzubehör,Babypflege & Wickelzubehör,,,
SUB_20003,MC_20001,Baby monitors & safety,Baby monitors & safety,Baby monitors & safety,Baby monitors & safety,1,1,1,1,0,1,,Catalog (default),,Elektroniczna niania i bezpieczeństwo,Babyphone & Sicherheit,Babyphone & Sicherheit,Elektroniczna niania i bezpieczeństwo,Babyphone & Sicherheit,Babyphone & Sicherheit,Elektroniczna niania i bezpieczeństwo,Babyphone & Sicherheit,Babyphone & Sicherheit,Elektroniczna niania i bezpieczeństwo,Babyphone & Sicherheit,Babyphone & Sicherheit,,,
SUB_20004,MC_20001,Baby carriers & traveling with babies,Baby carriers & traveling with babies,Baby carriers & traveling with babies,Baby carriers & traveling with babies,1,1,1,1,0,1,,Catalog (default),,Nosidełka i podróżowanie z dziećmi,Babytragen & Reisen mit Babys,Babytragen & Reisen mit Babys,Nosidełka i podróżowanie z dziećmi,Babytragen & Reisen mit Babys,Babytragen & Reisen mit Babys,Nosidełka i podróżowanie z dziećmi,Babytragen & Reisen mit Babys,Babytragen & Reisen mit Babys,Nosidełka i podróżowanie z dziećmi,Babytragen & Reisen mit Babys,Babytragen & Reisen mit Babys,,,
SUB_20005,MC_20001,Child Seats,Child Seats,Child Seats,Child Seats,1,1,1,1,0,1,,Catalog (default),,Foteliki dla dzieci,Kindersitze,Kindersitze,Foteliki dla dzieci,Kindersitze,Kindersitze,Foteliki dla dzieci,Kindersitze,Kindersitze,Foteliki dla dzieci,Kindersitze,Kindersitze,,,
SUB_20006,MC_20001,Strollers & Accessories,Strollers & Accessories,Strollers & Accessories,Strollers & Accessories,1,1,1,1,0,1,,Catalog (default),,Wózki i akcesoria,Kinderwagen & Zubehör,Kinderwagen & Zubehör,Wózki i akcesoria,Kinderwagen & Zubehör,Kinderwagen & Zubehör,Wózki i akcesoria,Kinderwagen & Zubehör,Kinderwagen & Zubehör,Wózki i akcesoria,Kinderwagen & Zubehör,Kinderwagen & Zubehör,,,
SUB_20007,MC_20001,Nursery,Nursery,Nursery,Nursery,1,1,1,1,0,1,,Catalog (default),,Pokój dziecięcy,Kinderzimmer,Kinderzimmer,Pokój dziecięcy,Kinderzimmer,Kinderzimmer,Pokój dziecięcy,Kinderzimmer,Kinderzimmer,Pokój dziecięcy,Kinderzimmer,Kinderzimmer,,,
SUB_20008,MC_20001,Toys,Toys,Toys,Toys,1,1,1,1,0,1,,Catalog (default),,Zabawki,Spielwaren,Spielwaren,Zabawki,Spielwaren,Spielwaren,Zabawki,Spielwaren,Spielwaren,Zabawki,Spielwaren,Spielwaren,,,
SUB_20008_01,SUB_20008,Learning toys,Learning toys,Learning toys,Learning toys,1,1,1,1,0,1,,Catalog (default),,Zabawki edukacyjne,Lernspielzeug,Lernspielzeug,Zabawki edukacyjne,Lernspielzeug,Lernspielzeug,Zabawki edukacyjne,Lernspielzeug,Lernspielzeug,Zabawki edukacyjne,Lernspielzeug,Lernspielzeug,,,
SUB_20008_02,SUB_20008,Outdoor toys,Outdoor toys,Outdoor toys,Outdoor toys,1,1,1,1,0,1,,Catalog (default),,Zabawki ogrodowe,Outdoor-Spielzeug,Outdoor-Spielzeug,Zabawki ogrodowe,Outdoor-Spielzeug,Outdoor-Spielzeug,Zabawki ogrodowe,Outdoor-Spielzeug,Outdoor-Spielzeug,Zabawki ogrodowe,Outdoor-Spielzeug,Outdoor-Spielzeug,,,
SUB_20008_03,SUB_20008,Wooden toys,Wooden toys,Wooden toys,Wooden toys,1,1,1,1,0,1,,Catalog (default),,Zabawki drewniane,Holzspielzeug,Holzspielzeug,Zabawki drewniane,Holzspielzeug,Holzspielzeug,Zabawki drewniane,Holzspielzeug,Holzspielzeug,Zabawki drewniane,Holzspielzeug,Holzspielzeug,,,
SUB_20008_04,SUB_20008,Board games,Board games,Board games,Board games,1,1,1,1,0,1,,Catalog (default),,Gry planszowe,Gesellschaftsspiele,Gesellschaftsspiele,Gry planszowe,Gesellschaftsspiele,Gesellschaftsspiele,Gry planszowe,Gesellschaftsspiele,Gesellschaftsspiele,Gry planszowe,Gesellschaftsspiele,Gesellschaftsspiele,,,
SUB_20008_05,SUB_20008,Electric toys,Electric toys,Electric toys,Electric toys,1,1,1,1,0,1,,Catalog (default),,Zabawki elektroniczne,Elektrospielzeug,Elektrospielzeug,Zabawki elektroniczne,Elektrospielzeug,Elektrospielzeug,Zabawki elektroniczne,Elektrospielzeug,Elektrospielzeug,Zabawki elektroniczne,Elektrospielzeug,Elektrospielzeug,,,
SUB_20008_06,SUB_20008,Children´s vehicles,Children´s vehicles,Children´s vehicles,Children´s vehicles,1,1,1,1,0,1,,Catalog (default),,Pojazdy dziecięce,Kinderfahrzeuge,Kinderfahrzeuge,Pojazdy dziecięce,Kinderfahrzeuge,Kinderfahrzeuge,Pojazdy dziecięce,Kinderfahrzeuge,Kinderfahrzeuge,Pojazdy dziecięce,Kinderfahrzeuge,Kinderfahrzeuge,,,
SUB_20008_07,SUB_20008,Game & action figures,Game & action figures,Game & action figures,Game & action figures,1,1,1,1,0,1,,Catalog (default),,Gry i figurki akcji,Spiel- & Actionfiguren,Spiel- & Actionfiguren,Gry i figurki akcji,Spiel- & Actionfiguren,Spiel- & Actionfiguren,Gry i figurki akcji,Spiel- & Actionfiguren,Spiel- & Actionfiguren,Gry i figurki akcji,Spiel- & Actionfiguren,Spiel- & Actionfiguren,,,
SUB_20008_08,SUB_20008,Construction kits / building blocks,Construction kits / building blocks,Construction kits / building blocks,Construction kits / building blocks,1,1,1,1,0,1,,Catalog (default),,Zestawy budowlane / klocki,Baukästen/Bausteine,Baukästen/Bausteine,Zestawy budowlane / klocki,Baukästen/Bausteine,Baukästen/Bausteine,Zestawy budowlane / klocki,Baukästen/Bausteine,Baukästen/Bausteine,Zestawy budowlane / klocki,Baukästen/Bausteine,Baukästen/Bausteine,,,
SUB_20008_09,SUB_20008,Racetrack,Racetrack,Racetrack,Racetrack,1,1,1,1,0,1,,Catalog (default),,Tor wyścigowy,Rennbahn,Rennbahn,Tor wyścigowy,Rennbahn,Rennbahn,Tor wyścigowy,Rennbahn,Rennbahn,Tor wyścigowy,Rennbahn,Rennbahn,,,
SUB_20008_10,SUB_20008,Painting & handicrafts,Painting & handicrafts,Painting & handicrafts,Painting & handicrafts,1,1,1,1,0,1,,Catalog (default),,Malarstwo i rękodzieło,Malen & Basteln,Malen & Basteln,Malarstwo i rękodzieło,Malen & Basteln,Malen & Basteln,Malarstwo i rękodzieło,Malen & Basteln,Malen & Basteln,Malarstwo i rękodzieło,Malen & Basteln,Malen & Basteln,,,
SUB_20008_11,SUB_20008,Stuffed animals,Stuffed animals,Stuffed animals,Stuffed animals,1,1,1,1,0,1,,Catalog (default),,Zabawki pluszowe,Stofftiere,Stofftiere,Zabawki pluszowe,Stofftiere,Stofftiere,Zabawki pluszowe,Stofftiere,Stofftiere,Zabawki pluszowe,Stofftiere,Stofftiere,,,
MC_30001,shop,Health & Beauty,Health & Beauty,Health & Beauty,Health & Beauty,1,1,1,1,0,1,,Catalog (default),,Zdrowie i uroda,Beauty & Gesundheit,Beauty & Gesundheit,Zdrowie i uroda,Beauty & Gesundheit,Beauty & Gesundheit,Zdrowie i uroda,Beauty & Gesundheit,Beauty & Gesundheit,Zdrowie i uroda,Beauty & Gesundheit,Beauty & Gesundheit,,,
SUB_30001,MC_30001,Household Items,Household Items,Household Items,Household Items,1,1,1,1,0,1,,Catalog (default),,Artykuły gospodarstwa domowego,Haushaltsartikel,Haushaltsartikel,Artykuły gospodarstwa domowego,Haushaltsartikel,Haushaltsartikel,Artykuły gospodarstwa domowego,Haushaltsartikel,Haushaltsartikel,Artykuły gospodarstwa domowego,Haushaltsartikel,Haushaltsartikel,,,
SUB_30002,MC_30001,Contact Lenses & Glasses,Contact Lenses & Glasses,Contact Lenses & Glasses,Contact Lenses & Glasses,1,1,1,1,0,1,,Catalog (default),,Soczewki kontaktowe i okulary,Kontaktlinsen & Brillen,Kontaktlinsen & Brillen,Soczewki kontaktowe i okulary,Kontaktlinsen & Brillen,Kontaktlinsen & Brillen,Soczewki kontaktowe i okulary,Kontaktlinsen & Brillen,Kontaktlinsen & Brillen,Soczewki kontaktowe i okulary,Kontaktlinsen & Brillen,Kontaktlinsen & Brillen,,,
SUB_30003,MC_30001,Cosmetics & Fragrances,Cosmetics & Fragrances,Cosmetics & Fragrances,Cosmetics & Fragrances,1,1,1,1,0,1,,Catalog (default),,Kosmetyki i zapachy,Kosmetik & Düfte,Kosmetik & Düfte,Kosmetyki i zapachy,Kosmetik & Düfte,Kosmetik & Düfte,Kosmetyki i zapachy,Kosmetik & Düfte,Kosmetik & Düfte,Kosmetyki i zapachy,Kosmetik & Düfte,Kosmetik & Düfte,,,
SUB_30003_01,SUB_30003,Women´s fragrances,Women´s fragrances,Women´s fragrances,Women´s fragrances,1,1,1,1,0,1,,Catalog (default),,Zapachy damskie,Damendüfte,Damendüfte,Zapachy damskie,Damendüfte,Damendüfte,Zapachy damskie,Damendüfte,Damendüfte,Zapachy damskie,Damendüfte,Damendüfte,,,
SUB_30003_02,SUB_30003,Men´s fragrances,Men´s fragrances,Men´s fragrances,Men´s fragrances,1,1,1,1,0,1,,Catalog (default),,Zapachy męskie,Herrendüfte,Herrendüfte,Zapachy męskie,Herrendüfte,Herrendüfte,Zapachy męskie,Herrendüfte,Herrendüfte,Zapachy męskie,Herrendüfte,Herrendüfte,,,
SUB_30004,MC_30001,Body Hygiene & Care,Body Hygiene & Care,Body Hygiene & Care,Body Hygiene & Care,1,1,1,1,0,1,,Catalog (default),,Higiena i pielęgnacja ciała,Körperhygiene & Pflege,Körperhygiene & Pflege,Higiena i pielęgnacja ciała,Körperhygiene & Pflege,Körperhygiene & Pflege,Higiena i pielęgnacja ciała,Körperhygiene & Pflege,Körperhygiene & Pflege,Higiena i pielęgnacja ciała,Körperhygiene & Pflege,Körperhygiene & Pflege,,,
SUB_30004_01,SUB_30004,Shower & bath products,Shower & bath products,Shower & bath products,Shower & bath products,1,1,1,1,0,1,,Catalog (default),,Produkty pod prysznic i do kąpieli,Dusch-& Badeprodukte,Dusch-& Badeprodukte,Produkty pod prysznic i do kąpieli,Dusch-& Badeprodukte,Dusch-& Badeprodukte,Produkty pod prysznic i do kąpieli,Dusch-& Badeprodukte,Dusch-& Badeprodukte,Produkty pod prysznic i do kąpieli,Dusch-& Badeprodukte,Dusch-& Badeprodukte,,,
SUB_30004_02,SUB_30004,Deodorants,Deodorants,Deodorants,Deodorants,1,1,1,1,0,1,,Catalog (default),,Dezodoranty,Deodorants,Deodorants,Dezodoranty,Deodorants,Deodorants,Dezodoranty,Deodorants,Deodorants,Dezodoranty,Deodorants,Deodorants,,,
SUB_30004_03,SUB_30004,Sun Care,Sun Care,Sun Care,Sun Care,1,1,1,1,0,1,,Catalog (default),,Ochrona przeciwsłoneczna,Sonnenpfelge,Sonnenpfelge,Ochrona przeciwsłoneczna,Sonnenpfelge,Sonnenpfelge,Ochrona przeciwsłoneczna,Sonnenpfelge,Sonnenpfelge,Ochrona przeciwsłoneczna,Sonnenpfelge,Sonnenpfelge,,,
SUB_30004_04,SUB_30004,Dental Care,Dental Care,Dental Care,Dental Care,1,1,1,1,0,1,,Catalog (default),,Pielęgnacja zębów,Zahnpflege,Zahnpflege,Pielęgnacja zębów,Zahnpflege,Zahnpflege,Pielęgnacja zębów,Zahnpflege,Zahnpflege,Pielęgnacja zębów,Zahnpflege,Zahnpflege,,,
SUB_30005,MC_30001,Love & Contraception,Love & Contraception,Love & Contraception,Love & Contraception,1,1,1,1,0,1,,Catalog (default),,Miłość i antykoncepcja,Liebe & Verhütung,Liebe & Verhütung,Miłość i antykoncepcja,Liebe & Verhütung,Liebe & Verhütung,Miłość i antykoncepcja,Liebe & Verhütung,Liebe & Verhütung,Miłość i antykoncepcja,Liebe & Verhütung,Liebe & Verhütung,,,
SUB_30006,MC_30001,Medicine & Food Supplements,Medicine & Food Supplements,Medicine & Food Supplements,Medicine & Food Supplements,1,1,1,1,0,1,,Catalog (default),,Medycyna i suplementy diety,Medizin & Nahrungsergänzung,Medizin & Nahrungsergänzung,Medycyna i suplementy diety,Medizin & Nahrungsergänzung,Medizin & Nahrungsergänzung,Medycyna i suplementy diety,Medizin & Nahrungsergänzung,Medizin & Nahrungsergänzung,Medycyna i suplementy diety,Medizin & Nahrungsergänzung,Medizin & Nahrungsergänzung,,,
SUB_30007,MC_30001,Medical supplies & clinic supplies,Medical supplies & clinic supplies,Medical supplies & clinic supplies,Medical supplies & clinic supplies,1,1,1,1,0,1,,Catalog (default),,Produkty medyczne i artykuły szpitalne,Sanitätshaus & Klinikbedarf,Sanitätshaus & Klinikbedarf,Produkty medyczne i artykuły szpitalne,Sanitätshaus & Klinikbedarf,Sanitätshaus & Klinikbedarf,Produkty medyczne i artykuły szpitalne,Sanitätshaus & Klinikbedarf,Sanitätshaus & Klinikbedarf,Produkty medyczne i artykuły szpitalne,Sanitätshaus & Klinikbedarf,Sanitätshaus & Klinikbedarf,,,
MC_40001,shop,"Books, Movies, TV Shows & Music","Books, Movies, TV Shows & Music","Books, Movies, TV Shows & Music","Books, Movies, TV Shows & Music",1,1,1,1,0,1,,Catalog (default),,"Książki, filmy, programy TV i muzyka","Bücher, Filme, Serien & Musik","Bücher, Filme, Serien & Musik","Książki, filmy, programy TV i muzyka","Bücher, Filme, Serien & Musik","Bücher, Filme, Serien & Musik","Książki, filmy, programy TV i muzyka","Bücher, Filme, Serien & Musik","Bücher, Filme, Serien & Musik","Książki, filmy, programy TV i muzyka","Bücher, Filme, Serien & Musik","Bücher, Filme, Serien & Musik",,,
SUB_40001,MC_40001,Books,Books,Books,Books,1,1,1,1,0,1,,Catalog (default),,Książki,Bücher,Bücher,Książki,Bücher,Bücher,Książki,Bücher,Bücher,Książki,Bücher,Bücher,,,
SUB_40002,MC_40001,Audio Books,Audio Books,Audio Books,Audio Books,1,1,1,1,0,1,,Catalog (default),,Audiobooki,Hörbücher,Hörbücher,Audiobooki,Hörbücher,Hörbücher,Audiobooki,Hörbücher,Hörbücher,Audiobooki,Hörbücher,Hörbücher,,,
SUB_40003,MC_40001,Calendar,Calendar,Calendar,Calendar,1,1,1,1,0,1,,Catalog (default),,Kalendarze,Kalender,Kalender,Kalendarze,Kalender,Kalender,Kalendarze,Kalender,Kalender,Kalendarze,Kalender,Kalender,,,
SUB_40004,MC_40001,Movies,Movies,Movies,Movies,1,1,1,1,0,1,,Catalog (default),,Filmy,Filme,Filme,Filmy,Filme,Filme,Filmy,Filme,Filme,Filmy,Filme,Filme,,,
SUB_40005,MC_40001,TV Series,TV Series,TV Series,TV Series,1,1,1,1,0,1,,Catalog (default),,Programy TV,TV Serien,TV Serien,Programy TV,TV Serien,TV Serien,Programy TV,TV Serien,TV Serien,Programy TV,TV Serien,TV Serien,,,
SUB_40006,MC_40001,Music,Music,Music,Music,1,1,1,1,0,1,,Catalog (default),,Muzyka,Musik,Musik,Muzyka,Musik,Musik,Muzyka,Musik,Musik,Muzyka,Musik,Musik,,,
MC_50001,shop,Office Supplies & Stationery,Office Supplies & Stationery,Office Supplies & Stationery,Office Supplies & Stationery,1,1,1,1,0,1,,Catalog (default),,Artykuły biurowe i artykuły papiernicze,Bürobedarf & Schreibwaren,Bürobedarf & Schreibwaren,Artykuły biurowe i artykuły papiernicze,Bürobedarf & Schreibwaren,Bürobedarf & Schreibwaren,Artykuły biurowe i artykuły papiernicze,Bürobedarf & Schreibwaren,Bürobedarf & Schreibwaren,Artykuły biurowe i artykuły papiernicze,Bürobedarf & Schreibwaren,Bürobedarf & Schreibwaren,,,
SUB_50001,MC_50001,Office equipment,Office equipment,Office equipment,Office equipment,1,1,1,1,0,1,,Catalog (default),,Wyposażenie biura,Büroausstattung,Büroausstattung,Wyposażenie biura,Büroausstattung,Büroausstattung,Wyposażenie biura,Büroausstattung,Büroausstattung,Wyposażenie biura,Büroausstattung,Büroausstattung,,,
SUB_50002,MC_50001,Office organization,Office organization,Office organization,Office organization,1,1,1,1,0,1,,Catalog (default),,Organizacja biura,Büroorganisation,Büroorganisation,Organizacja biura,Büroorganisation,Büroorganisation,Organizacja biura,Büroorganisation,Büroorganisation,Organizacja biura,Büroorganisation,Büroorganisation,,,
SUB_50003,MC_50001,Gift Boxes & Gift Cards,Gift Boxes & Gift Cards,Gift Boxes & Gift Cards,Gift Boxes & Gift Cards,1,1,1,1,0,1,,Catalog (default),,Opakowania i kartki prezentowe,Geschenkverpackungen & Geschenkkarten,Geschenkverpackungen & Geschenkkarten,Opakowania i kartki prezentowe,Geschenkverpackungen & Geschenkkarten,Geschenkverpackungen & Geschenkkarten,Opakowania i kartki prezentowe,Geschenkverpackungen & Geschenkkarten,Geschenkverpackungen & Geschenkkarten,Opakowania i kartki prezentowe,Geschenkverpackungen & Geschenkkarten,Geschenkverpackungen & Geschenkkarten,,,
SUB_50004,MC_50001,Painting & Handicraft supplies,Painting & Handicraft supplies,Painting & Handicraft supplies,Painting & Handicraft supplies,1,1,1,1,0,1,,Catalog (default),,Materiały do malowania i rękodzieła,Malbedarf & Bastelbedarf,Malbedarf & Bastelbedarf,Materiały do malowania i rękodzieła,Malbedarf & Bastelbedarf,Malbedarf & Bastelbedarf,Materiały do malowania i rękodzieła,Malbedarf & Bastelbedarf,Malbedarf & Bastelbedarf,Materiały do malowania i rękodzieła,Malbedarf & Bastelbedarf,Malbedarf & Bastelbedarf,,,
SUB_50005,MC_50001,Stationery,Stationery,Stationery,Stationery,1,1,1,1,0,1,,Catalog (default),,Artykuły biurowe,Papierwaren,Papierwaren,Artykuły biurowe,Papierwaren,Papierwaren,Artykuły biurowe,Papierwaren,Papierwaren,Artykuły biurowe,Papierwaren,Papierwaren,,,
SUB_50006,MC_50001,Presentation Accessories,Presentation Accessories,Presentation Accessories,Presentation Accessories,1,1,1,1,0,1,,Catalog (default),,Akcesoria do prezentacji,Präsentationszubehör,Präsentationszubehör,Akcesoria do prezentacji,Präsentationszubehör,Präsentationszubehör,Akcesoria do prezentacji,Präsentationszubehör,Präsentationszubehör,Akcesoria do prezentacji,Präsentationszubehör,Präsentationszubehör,,,
SUB_50007,MC_50001,"Scissors, Staplers & Glue","Scissors, Staplers & Glue","Scissors, Staplers & Glue","Scissors, Staplers & Glue",1,1,1,1,0,1,,Catalog (default),,"Nożyczki, zszywacze i kleje","Scheren, Hefter & Kleber","Scheren, Hefter & Kleber","Nożyczki, zszywacze i kleje","Scheren, Hefter & Kleber","Scheren, Hefter & Kleber","Nożyczki, zszywacze i kleje","Scheren, Hefter & Kleber","Scheren, Hefter & Kleber","Nożyczki, zszywacze i kleje","Scheren, Hefter & Kleber","Scheren, Hefter & Kleber",,,
SUB_50008,MC_50001,Schreibwaren,Stationery,Stationery,Stationery,1,1,1,1,0,1,,Catalog (default),,Artykuły piśmiennicze,Schreibwaren,Schreibwaren,Artykuły piśmiennicze,Schreibwaren,Schreibwaren,Artykuły piśmiennicze,Schreibwaren,Schreibwaren,Artykuły piśmiennicze,Schreibwaren,Schreibwaren,,,
SUB_50009,MC_50001,School supplies,School supplies,School supplies,School supplies,1,1,1,1,0,1,,Catalog (default),,Przybory szkolne,Schulbedarf,Schulbedarf,Przybory szkolne,Schulbedarf,Schulbedarf,Przybory szkolne,Schulbedarf,Schulbedarf,Przybory szkolne,Schulbedarf,Schulbedarf,,,
SUB_50010,MC_50001,Technical Drawing,Technical Drawing,Technical Drawing,Technical Drawing,1,1,1,1,0,1,,Catalog (default),,Rysunek techniczny,Technisches Zeichnen,Technisches Zeichnen,Rysunek techniczny,Technisches Zeichnen,Technisches Zeichnen,Rysunek techniczny,Technisches Zeichnen,Technisches Zeichnen,Rysunek techniczny,Technisches Zeichnen,Technisches Zeichnen,,,
SUB_50011,MC_50001,Packing & Shipping,Packing & Shipping,Packing & Shipping,Packing & Shipping,1,1,1,1,0,1,,Catalog (default),,Pakowanie i wysyłka,Verpackung & Versand,Verpackung & Versand,Pakowanie i wysyłka,Verpackung & Versand,Verpackung & Versand,Pakowanie i wysyłka,Verpackung & Versand,Verpackung & Versand,Pakowanie i wysyłka,Verpackung & Versand,Verpackung & Versand,,,
MC_60001,shop,Electronics,Electronics,Electronics,Electronics,1,1,1,1,0,1,,Catalog (default),,Elektronika,Elektronik,Elektronik,Elektronika,Elektronik,Elektronik,Elektronika,Elektronik,Elektronik,Elektronika,Elektronik,Elektronik,,,
SUB_60001,MC_60001,Accumulators & Batteries,Accumulators & Batteries,Accumulators & Batteries,Accumulators & Batteries,1,1,1,1,0,1,,Catalog (default),,Akumulatory i baterie,Akkus & Batterien,Akkus & Batterien,Akumulatory i baterie,Akkus & Batterien,Akkus & Batterien,Akumulatory i baterie,Akkus & Batterien,Akkus & Batterien,Akumulatory i baterie,Akkus & Batterien,Akkus & Batterien,,,
SUB_60002,MC_60001,Computer,Computer,Computer,Computer,1,1,1,1,0,1,,Catalog (default),,Komputery,Computer,Computer,Komputery,Computer,Computer,Komputery,Computer,Computer,Komputery,Computer,Computer,,,
SUB_60002_01,SUB_60002,Notebook,Notebook,Notebook,Notebook,1,1,1,1,0,1,,Catalog (default),,Notebooki,Notebook,Notebook,Notebooki,Notebook,Notebook,Notebooki,Notebook,Notebook,Notebooki,Notebook,Notebook,,,
SUB_60002_02,SUB_60002,Tablet,Tablet,Tablet,Tablet,1,1,1,1,0,1,,Catalog (default),,Tablety,Tablet,Tablet,Tablety,Tablet,Tablet,Tablety,Tablet,Tablet,Tablety,Tablet,Tablet,,,
SUB_60002_03,SUB_60002,Monitors,Monitors,Monitors,Monitors,1,1,1,1,0,1,,Catalog (default),,Monitory,Monitore,Monitore,Monitory,Monitore,Monitore,Monitory,Monitore,Monitore,Monitory,Monitore,Monitore,,,
SUB_60002_04,SUB_60002,IT,IT,IT,IT,1,1,1,1,0,1,,Catalog (default),,IT,IT,IT,IT,IT,IT,IT,IT,IT,IT,IT,IT,,,
SUB_60002_05,SUB_60002,Computer Accessories,Computer Accessories,Computer Accessories,Computer Accessories,1,1,1,1,0,1,,Catalog (default),,Akcesoria komputerowe,Computer-Zubehör,Computer-Zubehör,Akcesoria komputerowe,Computer-Zubehör,Computer-Zubehör,Akcesoria komputerowe,Computer-Zubehör,Computer-Zubehör,Akcesoria komputerowe,Computer-Zubehör,Computer-Zubehör,,,
SUB_60003,MC_60001,Printer & Scanner,Printer & Scanner,Printer & Scanner,Printer & Scanner,1,1,1,1,0,1,,Catalog (default),,Drukarki i skanery,Drucker & Scanner,Drucker & Scanner,Drukarki i skanery,Drucker & Scanner,Drucker & Scanner,Drukarki i skanery,Drucker & Scanner,Drucker & Scanner,Drukarki i skanery,Drucker & Scanner,Drucker & Scanner,,,
SUB_60004,MC_60001,E-Book-Reader,E-Book-Reader,E-Book-Reader,E-Book-Reader,1,1,1,1,0,1,,Catalog (default),,Czytniki E-booków,E-Book-Reader,E-Book-Reader,Czytniki E-booków,E-Book-Reader,E-Book-Reader,Czytniki E-booków,E-Book-Reader,E-Book-Reader,Czytniki E-booków,E-Book-Reader,E-Book-Reader,,,
SUB_60005,MC_60001,Photography & Videography,Photography & Videography,Photography & Videography,Photography & Videography,1,1,1,1,0,1,,Catalog (default),,Fotografia i filmowanie,Fotografie & Videografie,Fotografie & Videografie,Fotografia i filmowanie,Fotografie & Videografie,Fotografie & Videografie,Fotografia i filmowanie,Fotografie & Videografie,Fotografie & Videografie,Fotografia i filmowanie,Fotografie & Videografie,Fotografie & Videografie,,,
SUB_60006,MC_60001,Gaming & electronic toys,Gaming & electronic toys,Gaming & electronic toys,Gaming & electronic toys,1,1,1,1,0,1,,Catalog (default),,Gry i zabawki elektroniczne,Gaming- & Elektrospielzeug,Gaming- & Elektrospielzeug,Gry i zabawki elektroniczne,Gaming- & Elektrospielzeug,Gaming- & Elektrospielzeug,Gry i zabawki elektroniczne,Gaming- & Elektrospielzeug,Gaming- & Elektrospielzeug,Gry i zabawki elektroniczne,Gaming- & Elektrospielzeug,Gaming- & Elektrospielzeug,,,
SUB_60006_01,SUB_60006,Microsoft,Microsoft,Microsoft,Microsoft,1,1,1,1,0,1,,Catalog (default),,Microsoft,Microsoft,Microsoft,Microsoft,Microsoft,Microsoft,Microsoft,Microsoft,Microsoft,Microsoft,Microsoft,Microsoft,,,
SUB_60006_02,SUB_60006,Nintendo,Nintendo,Nintendo,Nintendo,1,1,1,1,0,1,,Catalog (default),,Nintendo,Nintendo,Nintendo,Nintendo,Nintendo,Nintendo,Nintendo,Nintendo,Nintendo,Nintendo,Nintendo,Nintendo,,,
SUB_60006_03,SUB_60006,Sony,Sony,Sony,Sony,1,1,1,1,0,1,,Catalog (default),,Sony,Sony,Sony,Sony,Sony,Sony,Sony,Sony,Sony,Sony,Sony,Sony,,,
SUB_60006_04,SUB_60006,Gaming Accessories,Gaming Accessories,Gaming Accessories,Gaming Accessories,1,1,1,1,0,1,,Catalog (default),,Akcesoria gamingowe,Gaming-Zubehör,Gaming-Zubehör,Akcesoria gamingowe,Gaming-Zubehör,Gaming-Zubehör,Akcesoria gamingowe,Gaming-Zubehör,Gaming-Zubehör,Akcesoria gamingowe,Gaming-Zubehör,Gaming-Zubehör,,,
SUB_60007,MC_60001,Household Electronics,Household Electronics,Household Electronics,Household Electronics,1,1,1,1,0,1,,Catalog (default),,Elektronika domowa,Haushaltselektronik,Haushaltselektronik,Elektronika domowa,Haushaltselektronik,Haushaltselektronik,Elektronika domowa,Haushaltselektronik,Haushaltselektronik,Elektronika domowa,Haushaltselektronik,Haushaltselektronik,,,
SUB_60007_01,SUB_60007,Kitchen Appliances,Kitchen Appliances,Kitchen Appliances,Kitchen Appliances,1,1,1,1,0,1,,Catalog (default),,Urządzenia kuchenne,Küchengeräte,Küchengeräte,Urządzenia kuchenne,Küchengeräte,Küchengeräte,Urządzenia kuchenne,Küchengeräte,Küchengeräte,Urządzenia kuchenne,Küchengeräte,Küchengeräte,,,
SUB_60007_02,SUB_60007,Large electrical appliances,Large electrical appliances,Large electrical appliances,Large electrical appliances,1,1,1,1,0,1,,Catalog (default),,Duże AGD,Elektrogroßgeräte,Elektrogroßgeräte,Duże AGD,Elektrogroßgeräte,Elektrogroßgeräte,Duże AGD,Elektrogroßgeräte,Elektrogroßgeräte,Duże AGD,Elektrogroßgeräte,Elektrogroßgeräte,,,
SUB_60007_03,SUB_60007,Domestic Appliances,Domestic Appliances,Domestic Appliances,Domestic Appliances,1,1,1,1,0,1,,Catalog (default),,Sprzęt AGD,Haushaltsgeräte,Haushaltsgeräte,Sprzęt AGD,Haushaltsgeräte,Haushaltsgeräte,Sprzęt AGD,Haushaltsgeräte,Haushaltsgeräte,Sprzęt AGD,Haushaltsgeräte,Haushaltsgeräte,,,
SUB_60007_04,SUB_60007,Making Coffee,Making Coffee,Making Coffee,Making Coffee,1,1,1,1,0,1,,Catalog (default),,Przyrządzanie kawy,Kaffeezubereitung,Kaffeezubereitung,Przyrządzanie kawy,Kaffeezubereitung,Kaffeezubereitung,Przyrządzanie kawy,Kaffeezubereitung,Kaffeezubereitung,Przyrządzanie kawy,Kaffeezubereitung,Kaffeezubereitung,,,
SUB_60008,MC_60001,"HiFi, TV, Video & Audio","HiFi, TV, Video & Audio","HiFi, TV, Video & Audio","HiFi, TV, Video & Audio",1,1,1,1,0,1,,Catalog (default),,"HiFi, TV, Video & Audio","HiFi, TV, Video & Audio","HiFi, TV, Video & Audio","HiFi, TV, Video & Audio","HiFi, TV, Video & Audio","HiFi, TV, Video & Audio","HiFi, TV, Video & Audio","HiFi, TV, Video & Audio","HiFi, TV, Video & Audio","HiFi, TV, Video & Audio","HiFi, TV, Video & Audio","HiFi, TV, Video & Audio",,,
SUB_60008_01,SUB_60008,Hifi & Audio,Hifi & Audio,Hifi & Audio,Hifi & Audio,1,1,1,1,0,1,,Catalog (default),,Hifi & Audio,Hifi & Audio,Hifi & Audio,Hifi & Audio,Hifi & Audio,Hifi & Audio,Hifi & Audio,Hifi & Audio,Hifi & Audio,Hifi & Audio,Hifi & Audio,Hifi & Audio,,,
SUB_60008_02,SUB_60008,TV & Sat,TV & Sat,TV & Sat,TV & Sat,1,1,1,1,0,1,,Catalog (default),,TV & Sat,TV & Sat,TV & Sat,TV & Sat,TV & Sat,TV & Sat,TV & Sat,TV & Sat,TV & Sat,TV & Sat,TV & Sat,TV & Sat,,,
SUB_60008_03,SUB_60008,Car Hifi,Car Hifi,Car Hifi,Car Hifi,1,1,1,1,0,1,,Catalog (default),,Hifi samochodowe,Car Hifi,Car Hifi,Hifi samochodowe,Car Hifi,Car Hifi,Hifi samochodowe,Car Hifi,Car Hifi,Hifi samochodowe,Car Hifi,Car Hifi,,,
SUB_60008_04,SUB_60008,Audio accessories,Audio accessories,Audio accessories,Audio accessories,1,1,1,1,0,1,,Catalog (default),,Akcesoria audio,Audio-Zubehör,Audio-Zubehör,Akcesoria audio,Audio-Zubehör,Audio-Zubehör,Akcesoria audio,Audio-Zubehör,Audio-Zubehör,Akcesoria audio,Audio-Zubehör,Audio-Zubehör,,,
SUB_60009,MC_60001,Telecommunications & Navigation,Telecommunications & Navigation,Telecommunications & Navigation,Telecommunications & Navigation,1,1,1,1,0,1,,Catalog (default),,Telekomunikacja i nawigacja,Telekommunikation & Navigation,Telekommunikation & Navigation,Telekomunikacja i nawigacja,Telekommunikation & Navigation,Telekommunikation & Navigation,Telekomunikacja i nawigacja,Telekommunikation & Navigation,Telekommunikation & Navigation,Telekomunikacja i nawigacja,Telekommunikation & Navigation,Telekommunikation & Navigation,,,
SUB_60009_01,SUB_60009,Smartphones,Smartphones,Smartphones,Smartphones,1,1,1,1,0,1,,Catalog (default),,Smartfony,Smartphones,Smartphones,Smartfony,Smartphones,Smartphones,Smartfony,Smartphones,Smartphones,Smartfony,Smartphones,Smartphones,,,
SUB_60009_02,SUB_60009,Smartphone Accessories,Smartphone Accessories,Smartphone Accessories,Smartphone Accessories,1,1,1,1,0,1,,Catalog (default),,Akcesoria do smartfonów,Smartphone Zubehör,Smartphone Zubehör,Akcesoria do smartfonów,Smartphone Zubehör,Smartphone Zubehör,Akcesoria do smartfonów,Smartphone Zubehör,Smartphone Zubehör,Akcesoria do smartfonów,Smartphone Zubehör,Smartphone Zubehör,,,
SUB_60009_03,SUB_60009,Navigation,Navigation,Navigation,Navigation,1,1,1,1,0,1,,Catalog (default),,Nawigacja,Navigation,Navigation,Nawigacja,Navigation,Navigation,Nawigacja,Navigation,Navigation,Nawigacja,Navigation,Navigation,,,
SUB_60009_04,SUB_60009,Smartwatch,Smartwatch,Smartwatch,Smartwatch,1,1,1,1,0,1,,Catalog (default),,Smartwatch,Smartwatch,Smartwatch,Smartwatch,Smartwatch,Smartwatch,Smartwatch,Smartwatch,Smartwatch,Smartwatch,Smartwatch,Smartwatch,,,
SUB_60010,MC_60001,Electronics Accessories,Electronics Accessories,Electronics Accessories,Electronics Accessories,1,1,1,1,0,1,,Catalog (default),,Akcesoria elektroniczne,Elektronik Zubehör,Elektronik Zubehör,Akcesoria elektroniczne,Elektronik Zubehör,Elektronik Zubehör,Akcesoria elektroniczne,Elektronik Zubehör,Elektronik Zubehör,Akcesoria elektroniczne,Elektronik Zubehör,Elektronik Zubehör,,,
SUB_60011,MC_60001,Software,Software,Software,Software,1,1,1,1,0,1,,Catalog (default),,Oprogramowanie,Software,Software,Oprogramowanie,Software,Software,Oprogramowanie,Software,Software,Oprogramowanie,Software,Software,,,
SUB_60014,MC_60001,Body Care & Wellness,Body Care & Wellness,Body Care & Wellness,Body Care & Wellness,1,1,1,1,0,1,,Catalog (default),,Pielęgnacja ciała i wellness,Körperpflege & Wellness,Körperpflege & Wellness,Pielęgnacja ciała i wellness,Körperpflege & Wellness,Körperpflege & Wellness,Pielęgnacja ciała i wellness,Körperpflege & Wellness,Körperpflege & Wellness,Pielęgnacja ciała i wellness,Körperpflege & Wellness,Körperpflege & Wellness,,,
SUB_60014_01,SUB_60014,Beard trimmers & hair clippers,Beard trimmers & hair clippers,Beard trimmers & hair clippers,Beard trimmers & hair clippers,1,1,1,1,0,1,,Catalog (default),,Trymery i maszynki włosów,Bartschneider & Haarschneider,Bartschneider & Haarschneider,Trymery i maszynki włosów,Bartschneider & Haarschneider,Bartschneider & Haarschneider,Trymery i maszynki włosów,Bartschneider & Haarschneider,Bartschneider & Haarschneider,Trymery i maszynki włosów,Bartschneider & Haarschneider,Bartschneider & Haarschneider,,,
SUB_60014_02,SUB_60014,Electric toothbrushes,Electric toothbrushes,Electric toothbrushes,Electric toothbrushes,1,1,1,1,0,1,,Catalog (default),,Elektryczne szczoteczki do zębów,Elektronische Zahnbürsten,Elektronische Zahnbürsten,Elektryczne szczoteczki do zębów,Elektronische Zahnbürsten,Elektronische Zahnbürsten,Elektryczne szczoteczki do zębów,Elektronische Zahnbürsten,Elektronische Zahnbürsten,Elektryczne szczoteczki do zębów,Elektronische Zahnbürsten,Elektronische Zahnbürsten,,,
SUB_60014_03,SUB_60014,Hair care,Hair care,Hair care,Hair care,1,1,1,1,0,1,,Catalog (default),,Pielęgnacja włosów,Haarpflege,Haarpflege,Pielęgnacja włosów,Haarpflege,Haarpflege,Pielęgnacja włosów,Haarpflege,Haarpflege,Pielęgnacja włosów,Haarpflege,Haarpflege,,,
MC_70001,shop,Food & Drink,Food & Drink,Food & Drink,Food & Drink,1,1,1,1,0,1,,Catalog (default),,Jedzenie i napoje,Essen & Trinken,Essen & Trinken,Jedzenie i napoje,Essen & Trinken,Essen & Trinken,Jedzenie i napoje,Essen & Trinken,Essen & Trinken,Jedzenie i napoje,Essen & Trinken,Essen & Trinken,,,
SUB_70001,MC_70001,Beverages,Beverages,Beverages,Beverages,1,1,1,1,0,1,,Catalog (default),,Napoje,Getränke,Getränke,Napoje,Getränke,Getränke,Napoje,Getränke,Getränke,Napoje,Getränke,Getränke,,,
SUB_70001_01,SUB_70001,Alcohol,Alcohol,Alcohol,Alcohol,1,1,1,1,0,1,,Catalog (default),,Alkohol,Alkohol,Alkohol,Alkohol,Alkohol,Alkohol,Alkohol,Alkohol,Alkohol,Alkohol,Alkohol,Alkohol,,,
SUB_70001_02,SUB_70001,Alcohol-free,Alcohol-free,Alcohol-free,Alcohol-free,1,1,1,1,0,1,,Catalog (default),,Bezalkoholowe,Alkoholfrei,Alkoholfrei,Bezalkoholowe,Alkoholfrei,Alkoholfrei,Bezalkoholowe,Alkoholfrei,Alkoholfrei,Bezalkoholowe,Alkoholfrei,Alkoholfrei,,,
SUB_70002,MC_70001,Food,Food,Food,Food,1,1,1,1,0,1,,Catalog (default),,Jedzenie,Lebensmittel,Lebensmittel,Jedzenie,Lebensmittel,Lebensmittel,Jedzenie,Lebensmittel,Lebensmittel,Jedzenie,Lebensmittel,Lebensmittel,,,
SUB_70003,MC_70001,Sweets & Snacks,Sweets & Snacks,Sweets & Snacks,Sweets & Snacks,1,1,1,1,0,1,,Catalog (default),,Słodycze i przekąski,Süßigkeiten & Knabbereien,Süßigkeiten & Knabbereien,Słodycze i przekąski,Süßigkeiten & Knabbereien,Süßigkeiten & Knabbereien,Słodycze i przekąski,Süßigkeiten & Knabbereien,Süßigkeiten & Knabbereien,Słodycze i przekąski,Süßigkeiten & Knabbereien,Süßigkeiten & Knabbereien,,,
SUB_70003_01,SUB_70003,Sweet,Sweet,Sweet,Sweet,1,0,1,0,0,1,,Catalog (default),,Słodkie,Süss,Süss,Słodkie,Süss,Süss,Słodkie,Süss,Süss,Słodkie,Süss,Süss,,,
SUB_70003_02,SUB_70003,Salty,Salty,Salty,Salty,1,0,1,0,0,1,,Catalog (default),,Słone,Salzig,Salzig,Słone,Salzig,Salzig,Słone,Salzig,Salzig,Słone,Salzig,Salzig,,,
SUB_70003_03,SUB_70003,Sour,Sour,Sour,Sour,1,0,1,0,0,1,,Catalog (default),,Kwaśne,Sauer,Sauer,Kwaśne,Sauer,Sauer,Kwaśne,Sauer,Sauer,Kwaśne,Sauer,Sauer,,,
MC_80001,shop,Home & Garden,Home & Garden,Home & Garden,Home & Garden,1,1,1,1,0,1,,Catalog (default),,Dom i ogród,Haus & Garten,Haus & Garten,Dom i ogród,Haus & Garten,Haus & Garten,Dom i ogród,Haus & Garten,Haus & Garten,Dom i ogród,Haus & Garten,Haus & Garten,,,
SUB_80001,MC_80001,Bathroom,Bathroom,Bathroom,Bathroom,1,1,1,1,0,1,,Catalog (default),,łazienka,Badezimmer,Badezimmer,łazienka,Badezimmer,Badezimmer,łazienka,Badezimmer,Badezimmer,łazienka,Badezimmer,Badezimmer,,,
SUB_80002,MC_80001,Lighting,Lighting,Lighting,Lighting,1,1,1,1,0,1,,Catalog (default),,Oświetlenie,Beleuchtung,Beleuchtung,Oświetlenie,Beleuchtung,Beleuchtung,Oświetlenie,Beleuchtung,Beleuchtung,Oświetlenie,Beleuchtung,Beleuchtung,,,
SUB_80002_01,SUB_80002,Indoor lights,Indoor lights,Indoor lights,Indoor lights,1,0,1,0,0,1,,Catalog (default),,Oświetlenie wewnętrzne,Innenleuchten,Innenleuchten,Oświetlenie wewnętrzne,Innenleuchten,Innenleuchten,Oświetlenie wewnętrzne,Innenleuchten,Innenleuchten,Oświetlenie wewnętrzne,Innenleuchten,Innenleuchten,,,
SUB_80002_02,SUB_80002,Outdoor lights,Outdoor lights,Outdoor lights,Outdoor lights,1,0,1,0,0,1,,Catalog (default),,Oświetlenie zewnętrzne,Außenleuchten,Außenleuchten,Oświetlenie zewnętrzne,Außenleuchten,Außenleuchten,Oświetlenie zewnętrzne,Außenleuchten,Außenleuchten,Oświetlenie zewnętrzne,Außenleuchten,Außenleuchten,,,
SUB_80002_03,SUB_80002,Bulbs,Bulbs,Bulbs,Bulbs,1,0,1,0,0,1,,Catalog (default),,żarówki,Leuchtmittel,Leuchtmittel,żarówki,Leuchtmittel,Leuchtmittel,żarówki,Leuchtmittel,Leuchtmittel,żarówki,Leuchtmittel,Leuchtmittel,,,
SUB_80003,MC_80001,Decoration & Seasonal Items,Decoration & Seasonal Items,Decoration & Seasonal Items,Decoration & Seasonal Items,1,1,1,1,0,1,,Catalog (default),,Dekoracje i artykuły sezonowe ,Dekoration & Saisonartikel,Dekoration & Saisonartikel,Dekoracje i artykuły sezonowe ,Dekoration & Saisonartikel,Dekoration & Saisonartikel,Dekoracje i artykuły sezonowe ,Dekoration & Saisonartikel,Dekoration & Saisonartikel,Dekoracje i artykuły sezonowe ,Dekoration & Saisonartikel,Dekoration & Saisonartikel,,,
SUB_80004,MC_80001,Garden,Garden,Garden,Garden,1,1,1,1,0,1,,Catalog (default),,Ogród,Garten,Garten,Ogród,Garten,Garten,Ogród,Garten,Garten,Ogród,Garten,Garten,,,
SUB_80004_01,SUB_80004,Barbeque,Barbeque,Barbeque,Barbeque,1,1,1,1,0,1,,Catalog (default),,Grill,Grillen,Grillen,Grill,Grillen,Grillen,Grill,Grillen,Grillen,Grill,Grillen,Grillen,,,
SUB_80004_02,SUB_80004,Garden Tools,Garden Tools,Garden Tools,Garden Tools,1,1,1,1,0,1,,Catalog (default),,Narzędzia ogrodowe,Gartenwerkzeug,Gartenwerkzeug,Narzędzia ogrodowe,Gartenwerkzeug,Gartenwerkzeug,Narzędzia ogrodowe,Gartenwerkzeug,Gartenwerkzeug,Narzędzia ogrodowe,Gartenwerkzeug,Gartenwerkzeug,,,
SUB_80004_03,SUB_80004,Garden Furniture,Garden Furniture,Garden Furniture,Garden Furniture,1,1,1,1,0,1,,Catalog (default),,Meble ogrodowe,Gartenmöbel,Gartenmöbel,Meble ogrodowe,Gartenmöbel,Gartenmöbel,Meble ogrodowe,Gartenmöbel,Gartenmöbel,Meble ogrodowe,Gartenmöbel,Gartenmöbel,,,
SUB_80004_04,SUB_80004,Plants & Trees,Plants & Trees,Plants & Trees,Plants & Trees,1,1,1,1,0,1,,Catalog (default),,Rośliny i drzewa,Pflanzen & Bäume,Pflanzen & Bäume,Rośliny i drzewa,Pflanzen & Bäume,Pflanzen & Bäume,Rośliny i drzewa,Pflanzen & Bäume,Pflanzen & Bäume,Rośliny i drzewa,Pflanzen & Bäume,Pflanzen & Bäume,,,
SUB_80004_05,SUB_80004,Planting Accessories,Planting Accessories,Planting Accessories,Planting Accessories,1,1,1,1,0,1,,Catalog (default),,Akcesoria do sadzenia,Pflanzzubehör,Pflanzzubehör,Akcesoria do sadzenia,Pflanzzubehör,Pflanzzubehör,Akcesoria do sadzenia,Pflanzzubehör,Pflanzzubehör,Akcesoria do sadzenia,Pflanzzubehör,Pflanzzubehör,,,
SUB_80004_06,SUB_80004,Pool Technology,Pool Technology,Pool Technology,Pool Technology,1,1,1,1,0,1,,Catalog (default),,Technika basenowa,Pooltechnik,Pooltechnik,Technika basenowa,Pooltechnik,Pooltechnik,Technika basenowa,Pooltechnik,Pooltechnik,Technika basenowa,Pooltechnik,Pooltechnik,,,
SUB_80005,MC_80001,Household goods,Household goods,Household goods,Household goods,1,1,1,1,0,1,,Catalog (default),,AGD,Haushaltswaren,Haushaltswaren,AGD,Haushaltswaren,Haushaltswaren,AGD,Haushaltswaren,Haushaltswaren,AGD,Haushaltswaren,Haushaltswaren,,,
SUB_80006,MC_80001,Home textiles,Home textiles,Home textiles,Home textiles,1,1,1,1,0,1,,Catalog (default),,Tekstylia domowe,Heimtextilien,Heimtextilien,Tekstylia domowe,Heimtextilien,Heimtextilien,Tekstylia domowe,Heimtextilien,Heimtextilien,Tekstylia domowe,Heimtextilien,Heimtextilien,,,
SUB_80007,MC_80001,Home improvement / DIY,Home improvement / DIY,Home improvement / DIY,Home improvement / DIY,1,1,1,1,0,1,,Catalog (default),,Zrób to sam,Heimwerken,Heimwerken,Zrób to sam,Heimwerken,Heimwerken,Zrób to sam,Heimwerken,Heimwerken,Zrób to sam,Heimwerken,Heimwerken,,,
SUB_80007_01,SUB_80007,Electric Tools,Electric Tools,Electric Tools,Electric Tools,1,1,1,1,0,1,,Catalog (default),,Narzędzia elektryczne,Elektrowerkzeuge,Elektrowerkzeuge,Narzędzia elektryczne,Elektrowerkzeuge,Elektrowerkzeuge,Narzędzia elektryczne,Elektrowerkzeuge,Elektrowerkzeuge,Narzędzia elektryczne,Elektrowerkzeuge,Elektrowerkzeuge,,,
SUB_80007_02,SUB_80007,Hand Tools,Hand Tools,Hand Tools,Hand Tools,1,1,1,1,0,1,,Catalog (default),,Narzędzia ręczne,Handwerkzeuge,Handwerkzeuge,Narzędzia ręczne,Handwerkzeuge,Handwerkzeuge,Narzędzia ręczne,Handwerkzeuge,Handwerkzeuge,Narzędzia ręczne,Handwerkzeuge,Handwerkzeuge,,,
SUB_80007_03,SUB_80007,Tool Accessories,Tool Accessories,Tool Accessories,Tool Accessories,1,1,1,1,0,1,,Catalog (default),,Akcesoria do narzędzi,Werkzeugzubehör,Werkzeugzubehör,Akcesoria do narzędzi,Werkzeugzubehör,Werkzeugzubehör,Akcesoria do narzędzi,Werkzeugzubehör,Werkzeugzubehör,Akcesoria do narzędzi,Werkzeugzubehör,Werkzeugzubehör,,,
SUB_80007_04,SUB_80007,Building needs,Building needs,Building needs,Building needs,1,1,1,1,0,1,,Catalog (default),,Materiały budowlane,Baubedarf,Baubedarf,Materiały budowlane,Baubedarf,Baubedarf,Materiały budowlane,Baubedarf,Baubedarf,Materiały budowlane,Baubedarf,Baubedarf,,,
SUB_80007_05,SUB_80007,Electrics,Electrics,Electrics,Electrics,1,1,1,1,0,1,,Catalog (default),,Elektryczne,Elektrik,Elektrik,Elektryczne,Elektrik,Elektrik,Elektryczne,Elektrik,Elektrik,Elektryczne,Elektrik,Elektrik,,,
SUB_80007_06,SUB_80007,Ironmongery,Ironmongery,Ironmongery,Ironmongery,1,1,1,1,0,1,,Catalog (default),,Artykuły żelazne,Eisenwaren,Eisenwaren,Artykuły żelazne,Eisenwaren,Eisenwaren,Artykuły żelazne,Eisenwaren,Eisenwaren,Artykuły żelazne,Eisenwaren,Eisenwaren,,,
SUB_80007_07,SUB_80007,Painting & Renovating,Painting & Renovating,Painting & Renovating,Painting & Renovating,1,1,1,1,0,1,,Catalog (default),,Malowanie i renowacja,Malen & Renovieren,Malen & Renovieren,Malowanie i renowacja,Malen & Renovieren,Malen & Renovieren,Malowanie i renowacja,Malen & Renovieren,Malen & Renovieren,Malowanie i renowacja,Malen & Renovieren,Malen & Renovieren,,,
SUB_80008,MC_80001,Kitchen,Kitchen,Kitchen,Kitchen,1,1,1,1,0,1,,Catalog (default),,Kuchnia,Küche,Küche,Kuchnia,Küche,Küche,Kuchnia,Küche,Küche,Kuchnia,Küche,Küche,,,
SUB_80009,MC_80001,Indoor climate,Indoor climate,Indoor climate,Indoor climate,1,1,1,1,0,1,,Catalog (default),,Klimat w pomieszczeniu,Raumklima,Raumklima,Klimat w pomieszczeniu,Raumklima,Raumklima,Klimat w pomieszczeniu,Raumklima,Raumklima,Klimat w pomieszczeniu,Raumklima,Raumklima,,,
SUB_80010,MC_80001,Furniture,Furniture,Furniture,Furniture,1,1,1,1,0,1,,Catalog (default),,Meble,Möbel,Möbel,Meble,Möbel,Möbel,Meble,Möbel,Möbel,Meble,Möbel,Möbel,,,
SUB_80010_01,SUB_80010,Kitchen Furniture,Kitchen Furniture,Kitchen Furniture,Kitchen Furniture,1,1,1,1,0,1,,Catalog (default),,Meble kuchenne,Küchenmöbel,Küchenmöbel,Meble kuchenne,Küchenmöbel,Küchenmöbel,Meble kuchenne,Küchenmöbel,Küchenmöbel,Meble kuchenne,Küchenmöbel,Küchenmöbel,,,
SUB_80010_02,SUB_80010,Bedroom Furniture,Bedroom Furniture,Bedroom Furniture,Bedroom Furniture,1,1,1,1,0,1,,Catalog (default),,Meble sypialniane,Schlafzimmermöbel,Schlafzimmermöbel,Meble sypialniane,Schlafzimmermöbel,Schlafzimmermöbel,Meble sypialniane,Schlafzimmermöbel,Schlafzimmermöbel,Meble sypialniane,Schlafzimmermöbel,Schlafzimmermöbel,,,
SUB_80010_03,SUB_80010,Living Room Furniture,Living Room Furniture,Living Room Furniture,Living Room Furniture,1,1,1,1,0,1,,Catalog (default),,Meble do salonu,Wohnzimmermöbel,Wohnzimmermöbel,Meble do salonu,Wohnzimmermöbel,Wohnzimmermöbel,Meble do salonu,Wohnzimmermöbel,Wohnzimmermöbel,Meble do salonu,Wohnzimmermöbel,Wohnzimmermöbel,,,
SUB_80010_04,SUB_80010,Dining Room Furniture,Dining Room Furniture,Dining Room Furniture,Dining Room Furniture,1,1,1,1,0,1,,Catalog (default),,Meble do jadalni,Esszimmermöbel,Esszimmermöbel,Meble do jadalni,Esszimmermöbel,Esszimmermöbel,Meble do jadalni,Esszimmermöbel,Esszimmermöbel,Meble do jadalni,Esszimmermöbel,Esszimmermöbel,,,
SUB_80010_05,SUB_80010,Working Space Furniture,Working Space Furniture,Working Space Furniture,Working Space Furniture,1,1,1,1,0,1,,Catalog (default),,Meble do pracy,Arbeitszimmermöbel,Arbeitszimmermöbel,Meble do pracy,Arbeitszimmermöbel,Arbeitszimmermöbel,Meble do pracy,Arbeitszimmermöbel,Arbeitszimmermöbel,Meble do pracy,Arbeitszimmermöbel,Arbeitszimmermöbel,,,
SUB_80010_06,SUB_80010,Kids Room Furniture,Kids Room Furniture,Kids Room Furniture,Kids Room Furniture,1,1,1,1,0,1,,Catalog (default),,Meble do pokoju dziecięcego,Kinderzimmermöbel,Kinderzimmermöbel,Meble do pokoju dziecięcego,Kinderzimmermöbel,Kinderzimmermöbel,Meble do pokoju dziecięcego,Kinderzimmermöbel,Kinderzimmermöbel,Meble do pokoju dziecięcego,Kinderzimmermöbel,Kinderzimmermöbel,,,
SUB_80010_07,SUB_80010,Bath Furniture,Bath Furniture,Bath Furniture,Bath Furniture,1,1,1,1,0,1,,Catalog (default),,Meble łazienkowe,Badezimmer Möbel,Badezimmer Möbel,Meble łazienkowe,Badezimmer Möbel,Badezimmer Möbel,Meble łazienkowe,Badezimmer Möbel,Badezimmer Möbel,Meble łazienkowe,Badezimmer Möbel,Badezimmer Möbel,,,
SUB_80010_08,SUB_80010,Hall Furniture,Hall Furniture,Hall Furniture,Hall Furniture,1,1,1,1,0,1,,Catalog (default),,Meble do przedpokoju,Flur Möbel,Flur Möbel,Meble do przedpokoju,Flur Möbel,Flur Möbel,Meble do przedpokoju,Flur Möbel,Flur Möbel,Meble do przedpokoju,Flur Möbel,Flur Möbel,,,
MC_90001,shop,Merchandise,Merchandise,Merchandise,Merchandise,1,1,1,1,0,1,,Catalog (default),,Towar,Merchandise,Merchandise,Towar,Merchandise,Merchandise,Towar,Merchandise,Merchandise,Towar,Merchandise,Merchandise,,,
SUB_90001,MC_90001,Book world,Book world,Book world,Book world,1,1,1,1,0,1,,Catalog (default),,świat książki,Buchwelt,Buchwelt,świat książki,Buchwelt,Buchwelt,świat książki,Buchwelt,Buchwelt,świat książki,Buchwelt,Buchwelt,,,
SUB_90002,MC_90001,Film world,Film world,Film world,Film world,1,1,1,1,0,1,,Catalog (default),,świat filmu,Filmwelt,Filmwelt,świat filmu,Filmwelt,Filmwelt,świat filmu,Filmwelt,Filmwelt,świat filmu,Filmwelt,Filmwelt,,,
SUB_90003,MC_90001,Gaming World,Gaming World,Gaming World,Gaming World,1,1,1,1,0,1,,Catalog (default),,świat gier,Gamingwelt,Gamingwelt,świat gier,Gamingwelt,Gamingwelt,świat gier,Gamingwelt,Gamingwelt,świat gier,Gamingwelt,Gamingwelt,,,
SUB_90004,MC_90001,Music World,Music World,Music World,Music World,1,1,1,1,0,1,,Catalog (default),,świat muzyki,Musikwelt,Musikwelt,świat muzyki,Musikwelt,Musikwelt,świat muzyki,Musikwelt,Musikwelt,świat muzyki,Musikwelt,Musikwelt,,,
SUB_90005,MC_90001,Series world,Series world,Series world,Series world,1,1,1,1,0,1,,Catalog (default),,świat kolekcji,Serienwelt,Serienwelt,świat kolekcji,Serienwelt,Serienwelt,świat kolekcji,Serienwelt,Serienwelt,świat kolekcji,Serienwelt,Serienwelt,,,
SUB_90006,MC_90001,Fan articles,Fan articles,Fan articles,Fan articles,1,1,1,1,0,1,,Catalog (default),,Artykuły dla fanów,Fanartikel,Fanartikel,Artykuły dla fanów,Fanartikel,Fanartikel,Artykuły dla fanów,Fanartikel,Fanartikel,Artykuły dla fanów,Fanartikel,Fanartikel,,,
SUB_90006_01,SUB_90006,Kitchen Appliances,Kitchen Appliances,Kitchen Appliances,Kitchen Appliances,1,1,1,1,0,1,,Catalog (default),,myWorld,myWorld,myWorld,myWorld,myWorld,myWorld,myWorld,myWorld,myWorld,myWorld,myWorld,myWorld,,,
SUB_90006_01_01,SUB_90006_01,Lyconet,Lyconet,Lyconet,Lyconet,1,1,1,1,0,1,,Catalog (default),,Lyconet,Lyconet,Lyconet,Lyconet,Lyconet,Lyconet,Lyconet,Lyconet,Lyconet,Lyconet,Lyconet,Lyconet,,,
SUB_90006_01_01a,SUB_90006_01_01,Top-Seller,Top-Seller,Top-Seller,Top-Seller,1,0,1,0,0,1,,Catalog (default),,Top Sprzedawca,Top-Seller,Top-Seller,Top Sprzedawca,Top-Seller,Top-Seller,Top Sprzedawca,Top-Seller,Top-Seller,Top Sprzedawca,Top-Seller,Top-Seller,,,
SUB_90006_01_01b,SUB_90006_01_01,Travel,Travel,Travel,Travel,1,0,1,0,0,1,,Catalog (default),,Podróże,Travel,Travel,Podróże,Travel,Travel,Podróże,Travel,Travel,Podróże,Travel,Travel,,,
SUB_90006_01_01c,SUB_90006_01_01,Clothing,Clothing,Clothing,Clothing,1,0,1,0,0,1,,Catalog (default),,Odzież,Clothing,Clothing,Odzież,Clothing,Clothing,Odzież,Clothing,Clothing,Odzież,Clothing,Clothing,,,
SUB_90006_01_01d,SUB_90006_01_01,CFF,CFF,CFF,CFF,1,0,1,0,0,1,,Catalog (default),,CFF,CFF,CFF,CFF,CFF,CFF,CFF,CFF,CFF,CFF,CFF,CFF,,,
SUB_90006_01_01e,SUB_90006_01_01,Eventbranding,Eventbranding,Eventbranding,Eventbranding,1,0,1,0,0,1,,Catalog (default),,Eventbranding,Eventbranding,Eventbranding,Eventbranding,Eventbranding,Eventbranding,Eventbranding,Eventbranding,Eventbranding,Eventbranding,Eventbranding,Eventbranding,,,
SUB_90006_01_01f,SUB_90006_01_01,Office,Office,Office,Office,1,0,1,0,0,1,,Catalog (default),,Biuro,Office,Office,Biuro,Office,Office,Biuro,Office,Office,Biuro,Office,Office,,,
SUB_90006_01_02,SUB_90006_01,EliteClub,EliteClub,EliteClub,EliteClub,1,1,1,1,0,1,,Catalog (default),,EliteClub,EliteClub,EliteClub,EliteClub,EliteClub,EliteClub,EliteClub,EliteClub,EliteClub,EliteClub,EliteClub,EliteClub,,,
SUB_90007,MC_90001,all other worlds,all other worlds,all other worlds,all other worlds,1,1,1,1,0,1,,Catalog (default),,Wszystkie inne światy,alle anderen Welten,alle anderen Welten,Wszystkie inne światy,alle anderen Welten,alle anderen Welten,Wszystkie inne światy,alle anderen Welten,alle anderen Welten,Wszystkie inne światy,alle anderen Welten,alle anderen Welten,,,
MC_11001,shop,Fashion & Accessories,Fashion & Accessories,Fashion & Accessories,Fashion & Accessories,1,1,1,1,0,1,,Catalog (default),,Moda i akcesoria,Mode & Accessoires,Mode & Accessoires,Moda i akcesoria,Mode & Accessoires,Mode & Accessoires,Moda i akcesoria,Mode & Accessoires,Mode & Accessoires,Moda i akcesoria,Mode & Accessoires,Mode & Accessoires,,,
SUB_11001,MC_11001,Accessories,Accessories,Accessories,Accessories,1,1,1,1,0,1,,Catalog (default),,Akcesoria,Accessories,Accessories,Akcesoria,Accessories,Accessories,Akcesoria,Accessories,Accessories,Akcesoria,Accessories,Accessories,,,
SUB_11001_01,SUB_11001,Gloves,Gloves,Gloves,Gloves,1,1,1,1,0,1,,Catalog (default),,Rękawiczki,Handschuhe,Handschuhe,Rękawiczki,Handschuhe,Handschuhe,Rękawiczki,Handschuhe,Handschuhe,Rękawiczki,Handschuhe,Handschuhe,,,
SUB_11001_02,SUB_11001,Belt,Belt,Belt,Belt,1,1,1,1,0,1,,Catalog (default),,Paski,Gürtel,Gürtel,Paski,Gürtel,Gürtel,Paski,Gürtel,Gürtel,Paski,Gürtel,Gürtel,,,
SUB_11001_03,SUB_11001,Ties & Pocket Square,Ties & Pocket Square,Ties & Pocket Square,Ties & Pocket Square,1,1,1,1,0,1,,Catalog (default),,Krawaty i poszetki,Krawatten & Stecktücher,Krawatten & Stecktücher,Krawaty i poszetki,Krawatten & Stecktücher,Krawatten & Stecktücher,Krawaty i poszetki,Krawatten & Stecktücher,Krawatten & Stecktücher,Krawaty i poszetki,Krawatten & Stecktücher,Krawatten & Stecktücher,,,
SUB_11001_04,SUB_11001,Sunglasses,Sunglasses,Sunglasses,Sunglasses,1,1,1,1,0,1,,Catalog (default),,Okulary słoneczne,Sonnenbrillen,Sonnenbrillen,Okulary słoneczne,Sonnenbrillen,Sonnenbrillen,Okulary słoneczne,Sonnenbrillen,Sonnenbrillen,Okulary słoneczne,Sonnenbrillen,Sonnenbrillen,,,
SUB_11002,MC_11001,Clothing for Babies,Clothing for Babies,Clothing for Babies,Clothing for Babies,1,1,1,1,0,1,,Catalog (default),,Ubranka dla niemowląt,Bekleidung für Babys,Bekleidung für Babys,Ubranka dla niemowląt,Bekleidung für Babys,Bekleidung für Babys,Ubranka dla niemowląt,Bekleidung für Babys,Bekleidung für Babys,Ubranka dla niemowląt,Bekleidung für Babys,Bekleidung für Babys,,,
SUB_11003,MC_11001,Clothes for Women,Clothes for Women,Clothes for Women,Clothes for Women,1,1,1,1,0,1,,Catalog (default),,Odzież damska,Bekleidung für Damen,Bekleidung für Damen,Odzież damska,Bekleidung für Damen,Bekleidung für Damen,Odzież damska,Bekleidung für Damen,Bekleidung für Damen,Odzież damska,Bekleidung für Damen,Bekleidung für Damen,,,
SUB_11003_01,SUB_11003,Ladies Jackets & Coats,Ladies Jackets & Coats,Ladies Jackets & Coats,Ladies Jackets & Coats,1,1,1,1,0,1,,Catalog (default),,Kurtki i płaszcze damskie,Damenjacken & Damenmäntel,Damenjacken & Damenmäntel,Kurtki i płaszcze damskie,Damenjacken & Damenmäntel,Damenjacken & Damenmäntel,Kurtki i płaszcze damskie,Damenjacken & Damenmäntel,Damenjacken & Damenmäntel,Kurtki i płaszcze damskie,Damenjacken & Damenmäntel,Damenjacken & Damenmäntel,,,
SUB_11003_02,SUB_11003,Ladies Trousers,Ladies Trousers,Ladies Trousers,Ladies Trousers,1,1,1,1,0,1,,Catalog (default),,Spodnie damskie,Damenhosen,Damenhosen,Spodnie damskie,Damenhosen,Damenhosen,Spodnie damskie,Damenhosen,Damenhosen,Spodnie damskie,Damenhosen,Damenhosen,,,
SUB_11003_03,SUB_11003,Ladies Blouses,Ladies Blouses,Ladies Blouses,Ladies Blouses,1,1,1,1,0,1,,Catalog (default),,Bluzki damskie,Blusen,Blusen,Bluzki damskie,Blusen,Blusen,Bluzki damskie,Blusen,Blusen,Bluzki damskie,Blusen,Blusen,,,
SUB_11003_04,SUB_11003,Ladies Shirts,Ladies Shirts,Ladies Shirts,Ladies Shirts,1,1,1,1,0,1,,Catalog (default),,Koszule damskie,Damen-Shirts,Damen-Shirts,Koszule damskie,Damen-Shirts,Damen-Shirts,Koszule damskie,Damen-Shirts,Damen-Shirts,Koszule damskie,Damen-Shirts,Damen-Shirts,,,
SUB_11003_05,SUB_11003,Ladies Dresses,Ladies Dresses,Ladies Dresses,Ladies Dresses,1,1,1,1,0,1,,Catalog (default),,Sukienki,Kleider,Kleider,Sukienki,Kleider,Kleider,Sukienki,Kleider,Kleider,Sukienki,Kleider,Kleider,,,
SUB_11003_06,SUB_11003,Ladies Sweaters,Ladies Sweaters,Ladies Sweaters,Ladies Sweaters,1,1,1,1,0,1,,Catalog (default),,Swetry damskie,Damenpullover,Damenpullover,Swetry damskie,Damenpullover,Damenpullover,Swetry damskie,Damenpullover,Damenpullover,Swetry damskie,Damenpullover,Damenpullover,,,
SUB_11003_07,SUB_11003,Skirts,Skirts,Skirts,Skirts,1,1,1,1,0,1,,Catalog (default),,Spódnice,Röcke,Röcke,Spódnice,Röcke,Röcke,Spódnice,Röcke,Röcke,Spódnice,Röcke,Röcke,,,
SUB_11003_08,SUB_11003,Ladies underwear,Ladies underwear,Ladies underwear,Ladies underwear,1,1,1,1,0,1,,Catalog (default),,Bielizna damska,Damenunterwäsche,Damenunterwäsche,Bielizna damska,Damenunterwäsche,Damenunterwäsche,Bielizna damska,Damenunterwäsche,Damenunterwäsche,Bielizna damska,Damenunterwäsche,Damenunterwäsche,,,
SUB_11003_09,SUB_11003,Ladies swimwear,Ladies swimwear,Ladies swimwear,Ladies swimwear,1,1,1,1,0,1,,Catalog (default),,Stroje kąpielowe damskie,Damenbademode,Damenbademode,Stroje kąpielowe damskie,Damenbademode,Damenbademode,Stroje kąpielowe damskie,Damenbademode,Damenbademode,Stroje kąpielowe damskie,Damenbademode,Damenbademode,,,
SUB_11003_10,SUB_11003,Ladies nightwear,Ladies nightwear,Ladies nightwear,Ladies nightwear,1,1,1,1,0,1,,Catalog (default),,Bielizna nocna damska,Damennachtwäsche,Damennachtwäsche,Bielizna nocna damska,Damennachtwäsche,Damennachtwäsche,Bielizna nocna damska,Damennachtwäsche,Damennachtwäsche,Bielizna nocna damska,Damennachtwäsche,Damennachtwäsche,,,
SUB_11004,MC_11001,Clothing for Men,Clothing for Men,Clothing for Men,Clothing for Men,1,1,1,1,0,1,,Catalog (default),,Odzież męska,Bekleidung für Herren,Bekleidung für Herren,Odzież męska,Bekleidung für Herren,Bekleidung für Herren,Odzież męska,Bekleidung für Herren,Bekleidung für Herren,Odzież męska,Bekleidung für Herren,Bekleidung für Herren,,,
SUB_11004_01,SUB_11004,Jacket & Coats for men,Jacket & Coats for men,Jacket & Coats for men,Jacket & Coats for men,1,1,1,1,0,1,,Catalog (default),,Kurtki i płaszcze męskie,Herrenjacken & Herrenmäntel,Herrenjacken & Herrenmäntel,Kurtki i płaszcze męskie,Herrenjacken & Herrenmäntel,Herrenjacken & Herrenmäntel,Kurtki i płaszcze męskie,Herrenjacken & Herrenmäntel,Herrenjacken & Herrenmäntel,Kurtki i płaszcze męskie,Herrenjacken & Herrenmäntel,Herrenjacken & Herrenmäntel,,,
SUB_11004_02,SUB_11004,Pants for men,Pants for men,Pants for men,Pants for men,1,1,1,1,0,1,,Catalog (default),,Spodnie męskie,Herrenhosen,Herrenhosen,Spodnie męskie,Herrenhosen,Herrenhosen,Spodnie męskie,Herrenhosen,Herrenhosen,Spodnie męskie,Herrenhosen,Herrenhosen,,,
SUB_11004_03,SUB_11004,T-Shirts for men,T-Shirts for men,T-Shirts for men,T-Shirts for men,1,1,1,1,0,1,,Catalog (default),,Koszulki męskie,Herren-Shirts,Herren-Shirts,Koszulki męskie,Herren-Shirts,Herren-Shirts,Koszulki męskie,Herren-Shirts,Herren-Shirts,Koszulki męskie,Herren-Shirts,Herren-Shirts,,,
SUB_11004_04,SUB_11004,Shirts for men,Shirts for men,Shirts for men,Shirts for men,1,1,1,1,0,1,,Catalog (default),,Koszule męskie,Herrenhemden,Herrenhemden,Koszule męskie,Herrenhemden,Herrenhemden,Koszule męskie,Herrenhemden,Herrenhemden,Koszule męskie,Herrenhemden,Herrenhemden,,,
SUB_11004_05,SUB_11004,Sweater for men,Sweater for men,Sweater for men,Sweater for men,1,1,1,1,0,1,,Catalog (default),,Swetry męskie,Herrenpullover,Herrenpullover,Swetry męskie,Herrenpullover,Herrenpullover,Swetry męskie,Herrenpullover,Herrenpullover,Swetry męskie,Herrenpullover,Herrenpullover,,,
SUB_11004_06,SUB_11004,Underwear for men,Underwear for men,Underwear for men,Underwear for men,1,1,1,1,0,1,,Catalog (default),,Bielizna męska,Herrenunterwäsche,Herrenunterwäsche,Bielizna męska,Herrenunterwäsche,Herrenunterwäsche,Bielizna męska,Herrenunterwäsche,Herrenunterwäsche,Bielizna męska,Herrenunterwäsche,Herrenunterwäsche,,,
SUB_11004_07,SUB_11004,Swimwear for men,Swimwear for men,Swimwear for men,Swimwear for men,1,1,1,1,0,1,,Catalog (default),,Stroje kąpielowe męskie,Herrenbademode,Herrenbademode,Stroje kąpielowe męskie,Herrenbademode,Herrenbademode,Stroje kąpielowe męskie,Herrenbademode,Herrenbademode,Stroje kąpielowe męskie,Herrenbademode,Herrenbademode,,,
SUB_11004_08,SUB_11004,Sleepwear for men,Sleepwear for men,Sleepwear for men,Sleepwear for men,1,1,1,1,0,1,,Catalog (default),,Bielizna nocna męska,Herrennachtwäsche,Herrennachtwäsche,Bielizna nocna męska,Herrennachtwäsche,Herrennachtwäsche,Bielizna nocna męska,Herrennachtwäsche,Herrennachtwäsche,Bielizna nocna męska,Herrennachtwäsche,Herrennachtwäsche,,,
SUB_11004_09,SUB_11004,Suits for men,Suits for men,Suits for men,Suits for men,1,1,1,1,0,1,,Catalog (default),,Garnitury męskie,Herrenanzüge,Herrenanzüge,Garnitury męskie,Herrenanzüge,Herrenanzüge,Garnitury męskie,Herrenanzüge,Herrenanzüge,Garnitury męskie,Herrenanzüge,Herrenanzüge,,,
SUB_11005,MC_11001,Clothes for Kids,Clothes for Kids,Clothes for Kids,Clothes for Kids,1,1,1,1,0,1,,Catalog (default),,Odzież dziecięca,Bekleidung für Kinder,Bekleidung für Kinder,Odzież dziecięca,Bekleidung für Kinder,Bekleidung für Kinder,Odzież dziecięca,Bekleidung für Kinder,Bekleidung für Kinder,Odzież dziecięca,Bekleidung für Kinder,Bekleidung für Kinder,,,
SUB_11005_01,SUB_11005,Kids Jackets & Coats,Kids Jackets & Coats,Kids Jackets & Coats,Kids Jackets & Coats,1,1,1,1,0,1,,Catalog (default),,Kurtki i Płaszcze,Kinderjacken & Kindermäntel,Kinderjacken & Kindermäntel,Kurtki i Płaszcze,Kinderjacken & Kindermäntel,Kinderjacken & Kindermäntel,Kurtki i Płaszcze,Kinderjacken & Kindermäntel,Kinderjacken & Kindermäntel,Kurtki i Płaszcze,Kinderjacken & Kindermäntel,Kinderjacken & Kindermäntel,,,
SUB_11005_02,SUB_11005,Kids Pants,Kids Pants,Kids Pants,Kids Pants,1,1,1,1,0,1,,Catalog (default),,Spodnie dziecięce,Kinderhosen,Kinderhosen,Spodnie dziecięce,Kinderhosen,Kinderhosen,Spodnie dziecięce,Kinderhosen,Kinderhosen,Spodnie dziecięce,Kinderhosen,Kinderhosen,,,
SUB_11005_03,SUB_11005,Shirts for kids,Shirts for kids,Shirts for kids,Shirts for kids,1,1,1,1,0,1,,Catalog (default),,Koszule dziecięce,Kindershirts,Kindershirts,Koszule dziecięce,Kindershirts,Kindershirts,Koszule dziecięce,Kindershirts,Kindershirts,Koszule dziecięce,Kindershirts,Kindershirts,,,
SUB_11005_04,SUB_11005,Dresses for kids,Dresses for kids,Dresses for kids,Dresses for kids,1,1,1,1,0,1,,Catalog (default),,Sukienki dziecięce,Kinderkleider,Kinderkleider,Sukienki dziecięce,Kinderkleider,Kinderkleider,Sukienki dziecięce,Kinderkleider,Kinderkleider,Sukienki dziecięce,Kinderkleider,Kinderkleider,,,
SUB_11005_05,SUB_11005,Kids Sweaters,Kids Sweaters,Kids Sweaters,Kids Sweaters,1,1,1,1,0,1,,Catalog (default),,Swetry dziecięce,Kinderpullover,Kinderpullover,Swetry dziecięce,Kinderpullover,Kinderpullover,Swetry dziecięce,Kinderpullover,Kinderpullover,Swetry dziecięce,Kinderpullover,Kinderpullover,,,
SUB_11005_06,SUB_11005,Children underwear,Children underwear,Children underwear,Children underwear,1,1,1,1,0,1,,Catalog (default),,Bielizna dziecięca,Kinderunterwäsche,Kinderunterwäsche,Bielizna dziecięca,Kinderunterwäsche,Kinderunterwäsche,Bielizna dziecięca,Kinderunterwäsche,Kinderunterwäsche,Bielizna dziecięca,Kinderunterwäsche,Kinderunterwäsche,,,
SUB_11005_07,SUB_11005,Children swimwear,Children swimwear,Children swimwear,Children swimwear,1,1,1,1,0,1,,Catalog (default),,Stroje kąpielowe dziecięce,Kinderbademode,Kinderbademode,Stroje kąpielowe dziecięce,Kinderbademode,Kinderbademode,Stroje kąpielowe dziecięce,Kinderbademode,Kinderbademode,Stroje kąpielowe dziecięce,Kinderbademode,Kinderbademode,,,
SUB_11005_08,SUB_11005,Children accessories,Children accessories,Children accessories,Children accessories,1,1,1,1,0,1,,Catalog (default),,Akcesoria dziecięce,Kinderaccessoires,Kinderaccessoires,Akcesoria dziecięce,Kinderaccessoires,Kinderaccessoires,Akcesoria dziecięce,Kinderaccessoires,Kinderaccessoires,Akcesoria dziecięce,Kinderaccessoires,Kinderaccessoires,,,
SUB_11006,MC_11001,Handicrafts,Handicrafts,Handicrafts,Handicrafts,1,1,1,1,0,1,,Catalog (default),,Rękodzieło,Handarbeit,Handarbeit,Rękodzieło,Handarbeit,Handarbeit,Rękodzieło,Handarbeit,Handarbeit,Rękodzieło,Handarbeit,Handarbeit,,,
SUB_11007,MC_11001,"Suitcases, Backpacks & Bags","Suitcases, Backpacks & Bags","Suitcases, Backpacks & Bags","Suitcases, Backpacks & Bags",1,1,1,1,0,1,,Catalog (default),,"Walizki, plecaki i torby","Koffer, Rucksäcke & Taschen","Koffer, Rucksäcke & Taschen","Walizki, plecaki i torby","Koffer, Rucksäcke & Taschen","Koffer, Rucksäcke & Taschen","Walizki, plecaki i torby","Koffer, Rucksäcke & Taschen","Koffer, Rucksäcke & Taschen","Walizki, plecaki i torby","Koffer, Rucksäcke & Taschen","Koffer, Rucksäcke & Taschen",,,
SUB_11008,MC_11001,Jewelry,Jewelry,Jewelry,Jewelry,1,1,1,1,0,1,,Catalog (default),,Biżuteria,Schmuck,Schmuck,Biżuteria,Schmuck,Schmuck,Biżuteria,Schmuck,Schmuck,Biżuteria,Schmuck,Schmuck,,,
SUB_11009,MC_11001,Shoes,Shoes,Shoes,Shoes,1,1,1,1,0,1,,Catalog (default),,Buty,Schuhe,Schuhe,Buty,Schuhe,Schuhe,Buty,Schuhe,Schuhe,Buty,Schuhe,Schuhe,,,
SUB_11009_01,SUB_11009,Shoes for men,Shoes for men,Shoes for men,Shoes for men,1,1,1,1,0,1,,Catalog (default),,Obuwie męskie,Herrenschuhe,Herrenschuhe,Obuwie męskie,Herrenschuhe,Herrenschuhe,Obuwie męskie,Herrenschuhe,Herrenschuhe,Obuwie męskie,Herrenschuhe,Herrenschuhe,,,
SUB_11009_02,SUB_11009,Shoes for women,Shoes for women,Shoes for women,Shoes for women,1,1,1,1,0,1,,Catalog (default),,Obuwie damskie,Damenschuhe,Damenschuhe,Obuwie damskie,Damenschuhe,Damenschuhe,Obuwie damskie,Damenschuhe,Damenschuhe,Obuwie damskie,Damenschuhe,Damenschuhe,,,
SUB_11009_03,SUB_11009,Shoes for Kids,Shoes for Kids,Shoes for Kids,Shoes for Kids,1,1,1,1,0,1,,Catalog (default),,Obuwie dziecięce,Kinderschuhe,Kinderschuhe,Obuwie dziecięce,Kinderschuhe,Kinderschuhe,Obuwie dziecięce,Kinderschuhe,Kinderschuhe,Obuwie dziecięce,Kinderschuhe,Kinderschuhe,,,
SUB_11009_04,SUB_11009,Sneakers,Sneakers,Sneakers,Sneakers,1,1,1,1,0,1,,Catalog (default),,Sneakersy,Sneakers,Sneakers,Sneakersy,Sneakers,Sneakers,Sneakersy,Sneakers,Sneakers,Sneakersy,Sneakers,Sneakers,,,
SUB_11009_05,SUB_11009,Shoes for everyone,Shoes for everyone,Shoes for everyone,Shoes for everyone,1,1,1,1,0,1,,Catalog (default),,Buty dla każdego,Schuhe für Jeden,Schuhe für Jeden,Buty dla każdego,Schuhe für Jeden,Schuhe für Jeden,Buty dla każdego,Schuhe für Jeden,Schuhe für Jeden,Buty dla każdego,Schuhe für Jeden,Schuhe für Jeden,,,
SUB_11010,MC_11001,Watches,Watches,Watches,Watches,1,1,1,1,0,1,,Catalog (default),,Zegarki,Uhren,Uhren,Zegarki,Uhren,Uhren,Zegarki,Uhren,Uhren,Zegarki,Uhren,Uhren,,,
SUB_11011,MC_11001,Work clothing,Work clothing,Work clothing,Work clothing,1,1,1,1,0,1,,Catalog (default),,Odzież robocza,Arbeitsbekleidung,Arbeitsbekleidung,Odzież robocza,Arbeitsbekleidung,Arbeitsbekleidung,Odzież robocza,Arbeitsbekleidung,Arbeitsbekleidung,Odzież robocza,Arbeitsbekleidung,Arbeitsbekleidung,,,
SUB_11012,MC_11001,Clothing for everyone,Clothing for everyone,Clothing for everyone,Clothing for everyone,1,1,1,1,0,1,,Catalog (default),,Odzież dla każdego,Bekleidung für Jeden,Bekleidung für Jeden,Odzież dla każdego,Bekleidung für Jeden,Bekleidung für Jeden,Odzież dla każdego,Bekleidung für Jeden,Bekleidung für Jeden,Odzież dla każdego,Bekleidung für Jeden,Bekleidung für Jeden,,,
SUB_11012_01,SUB_11012,"Suits, Jackets & Coats","Suits, Jackets & Coats","Suits, Jackets & Coats","Suits, Jackets & Coats",1,1,1,1,0,1,,Catalog (default),,"Garnitury, kurtki i płaszcze","Anzüge, Jacken & Mäntel","Anzüge, Jacken & Mäntel","Garnitury, kurtki i płaszcze","Anzüge, Jacken & Mäntel","Anzüge, Jacken & Mäntel","Garnitury, kurtki i płaszcze","Anzüge, Jacken & Mäntel","Anzüge, Jacken & Mäntel","Garnitury, kurtki i płaszcze","Anzüge, Jacken & Mäntel","Anzüge, Jacken & Mäntel",,,
SUB_11012_02,SUB_11012,T-Shirts,T-Shirts,T-Shirts,T-Shirts,1,1,1,1,0,1,,Catalog (default),,T-Shirty,T-Shirts,T-Shirts,T-Shirty,T-Shirts,T-Shirts,T-Shirty,T-Shirts,T-Shirts,T-Shirty,T-Shirts,T-Shirts,,,
SUB_11012_03,SUB_11012,Shirts & Blouses,Shirts & Blouses,Shirts & Blouses,Shirts & Blouses,1,1,1,1,0,1,,Catalog (default),,Koszule i bluzki,Hemden & Blusen,Hemden & Blusen,Koszule i bluzki,Hemden & Blusen,Hemden & Blusen,Koszule i bluzki,Hemden & Blusen,Hemden & Blusen,Koszule i bluzki,Hemden & Blusen,Hemden & Blusen,,,
SUB_11012_04,SUB_11012,Sweaters & Hoodies,Sweaters & Hoodies,Sweaters & Hoodies,Sweaters & Hoodies,1,1,1,1,0,1,,Catalog (default),,Swetry i bluzy,Pullver & Hoodies,Pullver & Hoodies,Swetry i bluzy,Pullver & Hoodies,Pullver & Hoodies,Swetry i bluzy,Pullver & Hoodies,Pullver & Hoodies,Swetry i bluzy,Pullver & Hoodies,Pullver & Hoodies,,,
SUB_11012_05,SUB_11012,Dresses & Skirts,Dresses & Skirts,Dresses & Skirts,Dresses & Skirts,1,1,1,1,0,1,,Catalog (default),,Sukienki i spódnice,Kleider & Röcke,Kleider & Röcke,Sukienki i spódnice,Kleider & Röcke,Kleider & Röcke,Sukienki i spódnice,Kleider & Röcke,Kleider & Röcke,Sukienki i spódnice,Kleider & Röcke,Kleider & Röcke,,,
SUB_11012_06,SUB_11012,Underwear,Underwear,Underwear,Underwear,1,1,1,1,0,1,,Catalog (default),,Bielizna,Unterwäsche,Unterwäsche,Bielizna,Unterwäsche,Unterwäsche,Bielizna,Unterwäsche,Unterwäsche,Bielizna,Unterwäsche,Unterwäsche,,,
SUB_11012_07,SUB_11012,Swimwear,Swimwear,Swimwear,Swimwear,1,1,1,1,0,1,,Catalog (default),,Stroje kąpielowe,Bademode,Bademode,Stroje kąpielowe,Bademode,Bademode,Stroje kąpielowe,Bademode,Bademode,Stroje kąpielowe,Bademode,Bademode,,,
MC_12001,shop,Sports & Outdoor,Sports & Outdoor,Sports & Outdoor,Sports & Outdoor,1,1,1,1,0,1,,Catalog (default),,Sport i czas wolny,Sport & Freizeit,Sport & Freizeit,Sport i czas wolny,Sport & Freizeit,Sport & Freizeit,Sport i czas wolny,Sport & Freizeit,Sport & Freizeit,Sport i czas wolny,Sport & Freizeit,Sport & Freizeit,,,
SUB_12001,MC_12001,Camping,Camping,Camping,Camping,1,1,1,1,0,1,,Catalog (default),,Kamping,Camping,Camping,Kamping,Camping,Camping,Kamping,Camping,Camping,Kamping,Camping,Camping,,,
SUB_12002,MC_12001,Scooter & E-Scooter,Scooter & E-Scooter,Scooter & E-Scooter,Scooter & E-Scooter,1,1,1,1,0,1,,Catalog (default),,Hulajnogi i hulajnogi elektryczne,Scooter & E-Scooter,Scooter & E-Scooter,Hulajnogi i hulajnogi elektryczne,Scooter & E-Scooter,Scooter & E-Scooter,Hulajnogi i hulajnogi elektryczne,Scooter & E-Scooter,Scooter & E-Scooter,Hulajnogi i hulajnogi elektryczne,Scooter & E-Scooter,Scooter & E-Scooter,,,
SUB_12003,MC_12001,Bicycle world,Bicycle world,Bicycle world,Bicycle world,1,1,1,1,0,1,,Catalog (default),,świat rowerów,Fahrradwelt,Fahrradwelt,świat rowerów,Fahrradwelt,Fahrradwelt,świat rowerów,Fahrradwelt,Fahrradwelt,świat rowerów,Fahrradwelt,Fahrradwelt,,,
SUB_12003_01,SUB_12003,E-bikes,E-bikes,E-bikes,E-bikes,1,1,1,1,0,1,,Catalog (default),,Rowery elektryczne,E-Bikes,E-Bikes,Rowery elektryczne,E-Bikes,E-Bikes,Rowery elektryczne,E-Bikes,E-Bikes,Rowery elektryczne,E-Bikes,E-Bikes,,,
SUB_12003_02,SUB_12003,Mountain bikes,Mountain bikes,Mountain bikes,Mountain bikes,1,1,1,1,0,1,,Catalog (default),,Rowery górskie,Mountainbikes,Mountainbikes,Rowery górskie,Mountainbikes,Mountainbikes,Rowery górskie,Mountainbikes,Mountainbikes,Rowery górskie,Mountainbikes,Mountainbikes,,,
SUB_12003_03,SUB_12003,Citybikes,Citybikes,Citybikes,Citybikes,1,1,1,1,0,1,,Catalog (default),,Rowery miejskie,Citybikes,Citybikes,Rowery miejskie,Citybikes,Citybikes,Rowery miejskie,Citybikes,Citybikes,Rowery miejskie,Citybikes,Citybikes,,,
SUB_12003_04,SUB_12003,Children bikes,Children bikes,Children bikes,Children bikes,1,1,1,1,0,1,,Catalog (default),,Rowery dziecięce,Kinderfahrräder,Kinderfahrräder,Rowery dziecięce,Kinderfahrräder,Kinderfahrräder,Rowery dziecięce,Kinderfahrräder,Kinderfahrräder,Rowery dziecięce,Kinderfahrräder,Kinderfahrräder,,,
SUB_12003_05,SUB_12003,Bicycle accessories,Bicycle accessories,Bicycle accessories,Bicycle accessories,1,1,1,1,0,1,,Catalog (default),,Akcesoria rowerowe,Fahrradzubehör,Fahrradzubehör,Akcesoria rowerowe,Fahrradzubehör,Fahrradzubehör,Akcesoria rowerowe,Fahrradzubehör,Fahrradzubehör,Akcesoria rowerowe,Fahrradzubehör,Fahrradzubehör,,,
SUB_12004,MC_12001,GPS & Wearables,GPS & Wearables,GPS & Wearables,GPS & Wearables,1,1,1,1,0,1,,Catalog (default),,GPS i akcesoria,GPS & Wearables,GPS & Wearables,GPS i akcesoria,GPS & Wearables,GPS & Wearables,GPS i akcesoria,GPS & Wearables,GPS & Wearables,GPS i akcesoria,GPS & Wearables,GPS & Wearables,,,
SUB_12005,MC_12001,Handicrafts & Crafts,Handicrafts & Crafts,Handicrafts & Crafts,Handicrafts & Crafts,1,1,1,1,0,1,,Catalog (default),,Rękodzieło i rzemiosło,Handarbeit & Basteln,Handarbeit & Basteln,Rękodzieło i rzemiosło,Handarbeit & Basteln,Handarbeit & Basteln,Rękodzieło i rzemiosło,Handarbeit & Basteln,Handarbeit & Basteln,Rękodzieło i rzemiosło,Handarbeit & Basteln,Handarbeit & Basteln,,,
SUB_12006,MC_12001,Meditation & Esotericism,Meditation & Esotericism,Meditation & Esotericism,Meditation & Esotericism,1,1,1,1,0,1,,Catalog (default),,Medytacja i ezoteryka,Meditation & Esoterik,Meditation & Esoterik,Medytacja i ezoteryka,Meditation & Esoterik,Meditation & Esoterik,Medytacja i ezoteryka,Meditation & Esoterik,Meditation & Esoterik,Medytacja i ezoteryka,Meditation & Esoterik,Meditation & Esoterik,,,
SUB_12007,MC_12001,Musical Instruments & Accessories,Musical Instruments & Accessories,Musical Instruments & Accessories,Musical Instruments & Accessories,1,1,1,1,0,1,,Catalog (default),,Instrumenty muzyczne i akcesoria,Musikinstrumente & Zubehör,Musikinstrumente & Zubehör,Instrumenty muzyczne i akcesoria,Musikinstrumente & Zubehör,Musikinstrumente & Zubehör,Instrumenty muzyczne i akcesoria,Musikinstrumente & Zubehör,Musikinstrumente & Zubehör,Instrumenty muzyczne i akcesoria,Musikinstrumente & Zubehör,Musikinstrumente & Zubehör,,,
SUB_12008,MC_12001,Outdoor Equipment,Outdoor Equipment,Outdoor Equipment,Outdoor Equipment,1,1,1,1,0,1,,Catalog (default),,Sprzęt turystyczny,Outdoorausrüstung,Outdoorausrüstung,Sprzęt turystyczny,Outdoorausrüstung,Outdoorausrüstung,Sprzęt turystyczny,Outdoorausrüstung,Outdoorausrüstung,Sprzęt turystyczny,Outdoorausrüstung,Outdoorausrüstung,,,
SUB_12009,MC_12001,Sports & outdoor clothing,Sports & outdoor clothing,Sports & outdoor clothing,Sports & outdoor clothing,1,1,1,1,0,1,,Catalog (default),,Odzież sportowa i turystyczna,Sport- & Outdoorbekleidung,Sport- & Outdoorbekleidung,Odzież sportowa i turystyczna,Sport- & Outdoorbekleidung,Sport- & Outdoorbekleidung,Odzież sportowa i turystyczna,Sport- & Outdoorbekleidung,Sport- & Outdoorbekleidung,Odzież sportowa i turystyczna,Sport- & Outdoorbekleidung,Sport- & Outdoorbekleidung,,,
SUB_12009_01,SUB_12009,Sportswear Ladies,Sportswear Ladies,Sportswear Ladies,Sportswear Ladies,1,1,1,1,0,1,,Catalog (default),,Odzież sportowa damska,Sportbekleidung Damen,Sportbekleidung Damen,Odzież sportowa damska,Sportbekleidung Damen,Sportbekleidung Damen,Odzież sportowa damska,Sportbekleidung Damen,Sportbekleidung Damen,Odzież sportowa damska,Sportbekleidung Damen,Sportbekleidung Damen,,,
SUB_12009_02,SUB_12009,Sportswear Men,Sportswear Men,Sportswear Men,Sportswear Men,1,1,1,1,0,1,,Catalog (default),,Odzież sportowa męska,Sportbekleidung Herren,Sportbekleidung Herren,Odzież sportowa męska,Sportbekleidung Herren,Sportbekleidung Herren,Odzież sportowa męska,Sportbekleidung Herren,Sportbekleidung Herren,Odzież sportowa męska,Sportbekleidung Herren,Sportbekleidung Herren,,,
SUB_12009_03,SUB_12009,Sportswear children,Sportswear children,Sportswear children,Sportswear children,1,1,1,1,0,1,,Catalog (default),,Odzież sportowa dziecięca,Sportbekleidung Kinder,Sportbekleidung Kinder,Odzież sportowa dziecięca,Sportbekleidung Kinder,Sportbekleidung Kinder,Odzież sportowa dziecięca,Sportbekleidung Kinder,Sportbekleidung Kinder,Odzież sportowa dziecięca,Sportbekleidung Kinder,Sportbekleidung Kinder,,,
SUB_12009_04,SUB_12009,Sports shoes,Sports shoes,Sports shoes,Sports shoes,1,1,1,1,0,1,,Catalog (default),,Obuwie sportowe,Sportschuhe,Sportschuhe,Obuwie sportowe,Sportschuhe,Sportschuhe,Obuwie sportowe,Sportschuhe,Sportschuhe,Obuwie sportowe,Sportschuhe,Sportschuhe,,,
SUB_12010,MC_12001,Sports nutrition,Sports nutrition,Sports nutrition,Sports nutrition,1,1,1,1,0,1,,Catalog (default),,Odżywki dla sportowców,Sportnahrung,Sportnahrung,Odżywki dla sportowców,Sportnahrung,Sportnahrung,Odżywki dla sportowców,Sportnahrung,Sportnahrung,Odżywki dla sportowców,Sportnahrung,Sportnahrung,,,
SUB_12011,MC_12001,Sports equipment,Sports equipment,Sports equipment,Sports equipment,1,1,1,1,0,1,,Catalog (default),,Wyposażenie sportowe,Sportausrüstung,Sportausrüstung,Wyposażenie sportowe,Sportausrüstung,Sportausrüstung,Wyposażenie sportowe,Sportausrüstung,Sportausrüstung,Wyposażenie sportowe,Sportausrüstung,Sportausrüstung,,,
MC_13001,shop,Pet Supplies,Pet Supplies,Pet Supplies,Pet Supplies,1,1,1,1,0,1,,Catalog (default),,Artykuły dla zwierząt,Tierbedarf,Tierbedarf,Artykuły dla zwierząt,Tierbedarf,Tierbedarf,Artykuły dla zwierząt,Tierbedarf,Tierbedarf,Artykuły dla zwierząt,Tierbedarf,Tierbedarf,,,
SUB_13001,MC_13001,Dog supplies & accessories,Dog supplies & accessories,Dog supplies & accessories,Dog supplies & accessories,1,1,1,1,0,1,,Catalog (default),,Artykuły i akcesoria dla psów,Hundebedarf & Hundezubehör,Hundebedarf & Hundezubehör,Artykuły i akcesoria dla psów,Hundebedarf & Hundezubehör,Hundebedarf & Hundezubehör,Artykuły i akcesoria dla psów,Hundebedarf & Hundezubehör,Hundebedarf & Hundezubehör,Artykuły i akcesoria dla psów,Hundebedarf & Hundezubehör,Hundebedarf & Hundezubehör,,,
SUB_13001_01,SUB_13001,Dog food,Dog food,Dog food,Dog food,1,1,1,1,0,1,,Catalog (default),,Jedzenie dla psów,Hundefutter,Hundefutter,Jedzenie dla psów,Hundefutter,Hundefutter,Jedzenie dla psów,Hundefutter,Hundefutter,Jedzenie dla psów,Hundefutter,Hundefutter,,,
SUB_13001_02,SUB_13001,Dog toys,Dog toys,Dog toys,Dog toys,1,1,1,1,0,1,,Catalog (default),,Zabawki dla psów,Hundespielzeug,Hundespielzeug,Zabawki dla psów,Hundespielzeug,Hundespielzeug,Zabawki dla psów,Hundespielzeug,Hundespielzeug,Zabawki dla psów,Hundespielzeug,Hundespielzeug,,,
SUB_13002,MC_13001,Cat supplies & accessories,Cat supplies & accessories,Cat supplies & accessories,Cat supplies & accessories,1,1,1,1,0,1,,Catalog (default),,Artykuły i akcesoria dla kotów,Katzenbedarf & Katzenzubehör,Katzenbedarf & Katzenzubehör,Artykuły i akcesoria dla kotów,Katzenbedarf & Katzenzubehör,Katzenbedarf & Katzenzubehör,Artykuły i akcesoria dla kotów,Katzenbedarf & Katzenzubehör,Katzenbedarf & Katzenzubehör,Artykuły i akcesoria dla kotów,Katzenbedarf & Katzenzubehör,Katzenbedarf & Katzenzubehör,,,
SUB_13002_01,SUB_13002,Cat food,Cat food,Cat food,Cat food,1,1,1,1,0,1,,Catalog (default),,Jedzenie dla kotów,Katzenfutter,Katzenfutter,Jedzenie dla kotów,Katzenfutter,Katzenfutter,Jedzenie dla kotów,Katzenfutter,Katzenfutter,Jedzenie dla kotów,Katzenfutter,Katzenfutter,,,
SUB_13002_02,SUB_13002,Cat toys,Cat toys,Cat toys,Cat toys,1,1,1,1,0,1,,Catalog (default),,Zabawki dla kotów,Katzenspielzeug,Katzenspielzeug,Zabawki dla kotów,Katzenspielzeug,Katzenspielzeug,Zabawki dla kotów,Katzenspielzeug,Katzenspielzeug,Zabawki dla kotów,Katzenspielzeug,Katzenspielzeug,,,
SUB_13003,MC_13001,Aquaristics,Aquaristics,Aquaristics,Aquaristics,1,1,1,1,0,1,,Catalog (default),,Akwarystyka,Aquaristik,Aquaristik,Akwarystyka,Aquaristik,Aquaristik,Akwarystyka,Aquaristik,Aquaristik,Akwarystyka,Aquaristik,Aquaristik,,,
SUB_13004,MC_13001,Rodent supplies & small animal supplies,Rodent supplies & small animal supplies,Rodent supplies & small animal supplies,Rodent supplies & small animal supplies,1,1,1,1,0,1,,Catalog (default),,Artykuły dla gryzoni i artykuły dla małych zwierząt,Nagerbedarf & Kleintierbedarf,Nagerbedarf & Kleintierbedarf,Artykuły dla gryzoni i artykuły dla małych zwierząt,Nagerbedarf & Kleintierbedarf,Nagerbedarf & Kleintierbedarf,Artykuły dla gryzoni i artykuły dla małych zwierząt,Nagerbedarf & Kleintierbedarf,Nagerbedarf & Kleintierbedarf,Artykuły dla gryzoni i artykuły dla małych zwierząt,Nagerbedarf & Kleintierbedarf,Nagerbedarf & Kleintierbedarf,,,
SUB_13005,MC_13001,Reptiles & Amphibians,Reptiles & Amphibians,Reptiles & Amphibians,Reptiles & Amphibians,1,1,1,1,0,1,,Catalog (default),,Terrarystyka,Terraristik,Terraristik,Terrarystyka,Terraristik,Terraristik,Terrarystyka,Terraristik,Terraristik,Terrarystyka,Terraristik,Terraristik,,,
SUB_13006,MC_13001,Birds,Birds,Birds,Birds,1,1,1,1,0,1,,Catalog (default),,Ptaki,Vögel,Vögel,Ptaki,Vögel,Vögel,Ptaki,Vögel,Vögel,Ptaki,Vögel,Vögel,,,
SUB_13007,MC_13001,Horses,Horses,Horses,Horses,1,1,1,1,0,1,,Catalog (default),,Konie,Pferde,Pferde,Konie,Pferde,Pferde,Konie,Pferde,Pferde,Konie,Pferde,Pferde,,,
SUB_13008,MC_13001,Garden & Pond,Garden & Pond,Garden & Pond,Garden & Pond,1,1,1,1,0,1,,Catalog (default),,Ogród i oczko wodne,Garten & Teich,Garten & Teich,Ogród i oczko wodne,Garten & Teich,Garten & Teich,Ogród i oczko wodne,Garten & Teich,Garten & Teich,Ogród i oczko wodne,Garten & Teich,Garten & Teich,,,
MC_14001,shop,Vouchers,Vouchers,Vouchers,Vouchers,1,1,1,1,0,1,,Catalog (default),,Vouchery,Gutscheine,Gutscheine,Vouchery,Gutscheine,Gutscheine,Vouchery,Gutscheine,Gutscheine,Vouchery,Gutscheine,Gutscheine,,,
SUB_14001,MC_14001,Adventure vouchers,Adventure vouchers,Adventure vouchers,Adventure vouchers,1,0,1,0,0,1,,Catalog (default),,Vouchery prezentowe,Erlebnisgutscheine,Erlebnisgutscheine,Vouchery prezentowe,Erlebnisgutscheine,Erlebnisgutscheine,Vouchery prezentowe,Erlebnisgutscheine,Erlebnisgutscheine,Vouchery prezentowe,Erlebnisgutscheine,Erlebnisgutscheine,,,
9999999999,shop,Unsorted,Unsorted,Unsorted,Unsorted,0,0,1,0,0,1,,Catalog (default),,Nieskategoryzowane,Unsorted,Unsorted,Nieskategoryzowane,Unsorted,Unsorted,Nieskategoryzowane,Unsorted,Unsorted,Nieskategoryzowane,Unsorted,Unsorted,,,
9999999998,shop,Offers of the month,Offers of the month,Offers of the month,Offers of the month,0,0,1,0,0,1,,Catalog (default),,Oferty miesiąca,Angebote des Monats,Angebote des Monats,Oferty miesiąca,Angebote des Monats,Angebote des Monats,Oferty miesiąca,Angebote des Monats,Angebote des Monats,Oferty miesiąca,Angebote des Monats,Angebote des Monats,,,
9999999997,shop,offline / deactivated,offline / deactivated,offline / deactivated,offline / deactivated,0,0,1,0,0,1,,Catalog (default),,offline / dezaktywowany,offline / deactivated,offline / deactivated,offline / dezaktywowany,offline / deactivated,offline / deactivated,offline / dezaktywowany,offline / deactivated,offline / deactivated,offline / dezaktywowany,offline / deactivated,offline / deactivated,,,
